#
# There is insufficient memory for the Java Runtime Environment to continue.
# Native memory allocation (mmap) failed to map 65536 bytes. Error detail: Failed to commit metaspace.
# Possible reasons:
#   The system is out of physical RAM or swap space
#   This process is running with CompressedOops enabled, and the Java Heap may be blocking the growth of the native heap
# Possible solutions:
#   Reduce memory load on the system
#   Increase physical memory or swap space
#   Check if swap backing store is full
#   Decrease Java heap size (-Xmx/-Xms)
#   Decrease number of Java threads
#   Decrease Java thread stack sizes (-Xss)
#   Set larger code cache with -XX:ReservedCodeCacheSize=
#   JVM is running with Unscaled Compressed Oops mode in which the Java heap is
#     placed in the first 4GB address space. The Java Heap base address is the
#     maximum limit for the native heap growth. Please use -XX:HeapBaseMinAddress
#     to set the Java Heap base and to place the Java Heap above 4GB virtual address.
# This output file may be truncated or incomplete.
#
#  Out of Memory Error (virtualSpaceNode.cpp:110), pid=42116, tid=27892
#
# JRE version: OpenJDK Runtime Environment Temurin-17.0.16+8 (17.0.16+8) (build 17.0.16+8)
# Java VM: OpenJDK 64-Bit Server VM Temurin-17.0.16+8 (17.0.16+8, mixed mode, emulated-client, sharing, tiered, compressed oops, compressed class ptrs, g1 gc, windows-amd64)
# No core dump will be written. Minidumps are not enabled by default on client versions of Windows
#

---------------  S U M M A R Y ------------

Command Line: -XX:TieredStopAtLevel=1 com.example.cinema.CinemaManagementApplication

Host: 11th Gen Intel(R) Core(TM) i7-11800H @ 2.30GHz, 16 cores, 7G,  Windows 11 , 64 bit Build 26100 (10.0.26100.8875)
Time: Tue Jul 21 11:51:36 2026 SE Asia Standard Time elapsed time: 36.875015 seconds (0d 0h 0m 36s)

---------------  T H R E A D  ---------------

Current thread (0x00000264dac2c080):  JavaThread "restartedMain" [_thread_in_vm, id=27892, stack(0x000000eb38b00000,0x000000eb38c00000)]

Stack: [0x000000eb38b00000,0x000000eb38c00000]
Native frames: (J=compiled Java code, j=interpreted, Vv=VM code, C=native code)
V  [jvm.dll+0x683169]
V  [jvm.dll+0x839ac8]
V  [jvm.dll+0x83b573]
V  [jvm.dll+0x83bbe3]
V  [jvm.dll+0x2473ff]
V  [jvm.dll+0x83589d]
V  [jvm.dll+0x627dae]
V  [jvm.dll+0x1bf274]
V  [jvm.dll+0x62a71f]
V  [jvm.dll+0x628776]
V  [jvm.dll+0x639829]
V  [jvm.dll+0x6329a4]
V  [jvm.dll+0x3821e1]
C  0x00000264ce94c294

The last pc belongs to method entry point (kind = zerolocals) (printed below).
Java frames: (J=compiled Java code, j=interpreted, Vv=VM code)
j  org.hibernate.sql.ast.spi.AbstractSqlAstTranslator.renderTableGroupJoin(Lorg/hibernate/sql/ast/tree/from/TableGroupJoin;Ljava/util/List;)V+0
j  org.hibernate.sql.ast.spi.AbstractSqlAstTranslator.processTableGroupJoin(Lorg/hibernate/sql/ast/tree/from/TableGroupJoin;Ljava/util/List;)V+60
j  org.hibernate.sql.ast.spi.AbstractSqlAstTranslator.lambda$processTableGroupJoins$10(Lorg/hibernate/sql/ast/tree/from/TableGroupJoin;)V+3
j  org.hibernate.sql.ast.spi.AbstractSqlAstTranslator$$Lambda$1044+0x000002648179b7f0.accept(Ljava/lang/Object;)V+8
J 3092 c1 java.util.ArrayList.forEach(Ljava/util/function/Consumer;)V java.base@17.0.16 (74 bytes) @ 0x00000264cf1c697c [0x00000264cf1c68e0+0x000000000000009c]
j  org.hibernate.sql.ast.tree.from.AbstractTableGroup.visitTableGroupJoins(Ljava/util/function/Consumer;)V+12
j  org.hibernate.sql.ast.spi.AbstractSqlAstTranslator.processTableGroupJoins(Lorg/hibernate/sql/ast/tree/from/TableGroup;)V+7
j  org.hibernate.sql.ast.spi.AbstractSqlAstTranslator.renderRootTableGroup(Lorg/hibernate/sql/ast/tree/from/TableGroup;Ljava/util/List;)V+80
j  org.hibernate.sql.ast.spi.AbstractSqlAstTranslator.renderFromClauseRoot(Lorg/hibernate/sql/ast/tree/from/TableGroup;Ljava/lang/String;)Ljava/lang/String;+121
j  org.hibernate.sql.ast.spi.AbstractSqlAstTranslator.visitFromClause(Lorg/hibernate/sql/ast/tree/from/FromClause;)V+84
j  org.hibernate.sql.ast.spi.AbstractSqlAstTranslator.visitQuerySpec(Lorg/hibernate/sql/ast/tree/select/QuerySpec;)V+270
j  org.hibernate.dialect.MySQLSqlAstTranslator.visitQuerySpec(Lorg/hibernate/sql/ast/tree/select/QuerySpec;)V+19
j  org.hibernate.sql.ast.tree.select.QuerySpec.accept(Lorg/hibernate/sql/ast/SqlAstWalker;)V+2
j  org.hibernate.sql.ast.spi.AbstractSqlAstTranslator.visitSelectStatement(Lorg/hibernate/sql/ast/tree/select/SelectStatement;)V+58
j  org.hibernate.sql.ast.spi.AbstractSqlAstTranslator.translateSelect(Lorg/hibernate/sql/ast/tree/select/SelectStatement;)Lorg/hibernate/sql/exec/spi/JdbcOperationQuerySelect;+13
j  org.hibernate.sql.ast.spi.AbstractSqlAstTranslator.translate(Lorg/hibernate/sql/exec/spi/JdbcParameterBindings;Lorg/hibernate/query/spi/QueryOptions;)Lorg/hibernate/sql/exec/spi/JdbcOperation;+153
j  org.hibernate.loader.ast.internal.SingleIdLoadPlan.<init>(Lorg/hibernate/metamodel/mapping/EntityMappingType;Lorg/hibernate/metamodel/mapping/ModelPart;Lorg/hibernate/sql/ast/tree/select/SelectStatement;Lorg/hibernate/sql/exec/spi/JdbcParametersList;Lorg/hibernate/LockOptions;Lorg/hibernate/engine/spi/SessionFactoryImplementor;)V+78
j  org.hibernate.loader.ast.internal.SingleIdEntityLoaderStandardImpl.createLoadPlan(Lorg/hibernate/metamodel/mapping/EntityMappingType;Lorg/hibernate/LockOptions;Lorg/hibernate/engine/spi/LoadQueryInfluencers;Lorg/hibernate/engine/spi/SessionFactoryImplementor;)Lorg/hibernate/loader/ast/internal/SingleIdLoadPlan;+55
j  org.hibernate.loader.ast.internal.SingleIdEntityLoaderStandardImpl.lambda$new$0(Lorg/hibernate/metamodel/mapping/EntityMappingType;Lorg/hibernate/engine/spi/SessionFactoryImplementor;Lorg/hibernate/LockOptions;Lorg/hibernate/engine/spi/LoadQueryInfluencers;)Lorg/hibernate/loader/ast/internal/SingleIdLoadPlan;+4
j  org.hibernate.loader.ast.internal.SingleIdEntityLoaderStandardImpl$$Lambda$1021+0x000002648177c980.apply(Ljava/lang/Object;Ljava/lang/Object;)Ljava/lang/Object;+16
j  org.hibernate.loader.ast.internal.SingleIdEntityLoaderStandardImpl.<init>(Lorg/hibernate/metamodel/mapping/EntityMappingType;Lorg/hibernate/engine/spi/SessionFactoryImplementor;Ljava/util/function/BiFunction;)V+45
j  org.hibernate.loader.ast.internal.SingleIdEntityLoaderStandardImpl.<init>(Lorg/hibernate/metamodel/mapping/EntityMappingType;Lorg/hibernate/engine/spi/SessionFactoryImplementor;)V+10
j  org.hibernate.persister.entity.AbstractEntityPersister.buildSingleIdEntityLoader(Lorg/hibernate/engine/spi/LoadQueryInfluencers;)Lorg/hibernate/loader/ast/spi/SingleIdEntityLoader;+54
j  org.hibernate.persister.entity.AbstractEntityPersister.buildSingleIdEntityLoader()Lorg/hibernate/loader/ast/spi/SingleIdEntityLoader;+35
j  org.hibernate.persister.entity.AbstractEntityPersister.prepareLoaders()V+2
j  org.hibernate.metamodel.model.domain.internal.MappingMetamodelImpl.finishInitialization(Lorg/hibernate/metamodel/spi/RuntimeModelCreationContext;)V+201
j  org.hibernate.internal.SessionFactoryImpl.initializeMappingModel(Lorg/hibernate/metamodel/model/domain/internal/MappingMetamodelImpl;Lorg/hibernate/boot/spi/BootstrapContext;Lorg/hibernate/boot/spi/MetadataImplementor;Lorg/hibernate/boot/spi/SessionFactoryOptions;)V+18
j  org.hibernate.internal.SessionFactoryImpl.<init>(Lorg/hibernate/boot/spi/MetadataImplementor;Lorg/hibernate/boot/spi/SessionFactoryOptions;Lorg/hibernate/boot/spi/BootstrapContext;)V+511
j  org.hibernate.boot.internal.SessionFactoryBuilderImpl.build()Lorg/hibernate/SessionFactory;+16
j  org.hibernate.jpa.boot.internal.EntityManagerFactoryBuilderImpl.build()Ljakarta/persistence/EntityManagerFactory;+22
j  org.springframework.orm.jpa.vendor.SpringHibernateJpaPersistenceProvider.createContainerEntityManagerFactory(Ljakarta/persistence/spi/PersistenceUnitInfo;Ljava/util/Map;)Ljakarta/persistence/EntityManagerFactory;+59
j  org.springframework.orm.jpa.LocalContainerEntityManagerFactoryBean.createNativeEntityManagerFactory()Ljakarta/persistence/EntityManagerFactory;+111
j  org.springframework.orm.jpa.AbstractEntityManagerFactoryBean.buildNativeEntityManagerFactory()Ljakarta/persistence/EntityManagerFactory;+1
j  org.springframework.orm.jpa.AbstractEntityManagerFactoryBean.afterPropertiesSet()V+192
j  org.springframework.orm.jpa.LocalContainerEntityManagerFactoryBean.afterPropertiesSet()V+84
j  org.springframework.beans.factory.support.AbstractAutowireCapableBeanFactory.invokeInitMethods(Ljava/lang/String;Ljava/lang/Object;Lorg/springframework/beans/factory/support/RootBeanDefinition;)V+56
j  org.springframework.beans.factory.support.AbstractAutowireCapableBeanFactory.initializeBean(Ljava/lang/String;Ljava/lang/Object;Lorg/springframework/beans/factory/support/RootBeanDefinition;)Ljava/lang/Object;+34
j  org.springframework.beans.factory.support.AbstractAutowireCapableBeanFactory.doCreateBean(Ljava/lang/String;Lorg/springframework/beans/factory/support/RootBeanDefinition;[Ljava/lang/Object;)Ljava/lang/Object;+228
j  org.springframework.beans.factory.support.AbstractAutowireCapableBeanFactory.createBean(Ljava/lang/String;Lorg/springframework/beans/factory/support/RootBeanDefinition;[Ljava/lang/Object;)Ljava/lang/Object;+153
j  org.springframework.beans.factory.support.AbstractBeanFactory.lambda$doGetBean$0(Ljava/lang/String;Lorg/springframework/beans/factory/support/RootBeanDefinition;[Ljava/lang/Object;)Ljava/lang/Object;+4
j  org.springframework.beans.factory.support.AbstractBeanFactory$$Lambda$304+0x00000264811aace0.getObject()Ljava/lang/Object;+16
j  org.springframework.beans.factory.support.DefaultSingletonBeanRegistry.getSingleton(Ljava/lang/String;Lorg/springframework/beans/factory/ObjectFactory;)Ljava/lang/Object;+114
J 2970 c1 org.springframework.beans.factory.support.AbstractBeanFactory.doGetBean(Ljava/lang/String;Ljava/lang/Class;[Ljava/lang/Object;Z)Ljava/lang/Object; (740 bytes) @ 0x00000264cf198264 [0x00000264cf197ca0+0x00000000000005c4]
j  org.springframework.beans.factory.support.AbstractBeanFactory.getBean(Ljava/lang/String;)Ljava/lang/Object;+5
j  org.springframework.beans.factory.support.BeanDefinitionValueResolver.resolveReference(Ljava/lang/Object;Lorg/springframework/beans/factory/config/RuntimeBeanReference;)Ljava/lang/Object;+145
j  org.springframework.beans.factory.support.BeanDefinitionValueResolver.resolveValueIfNecessary(Ljava/lang/Object;Ljava/lang/Object;)Ljava/lang/Object;+15
j  org.springframework.beans.factory.support.ConstructorResolver.resolveConstructorArguments(Ljava/lang/String;Lorg/springframework/beans/factory/support/RootBeanDefinition;Lorg/springframework/beans/BeanWrapper;Lorg/springframework/beans/factory/config/ConstructorArgumentValues;Lorg/springframework/beans/factory/config/ConstructorArgumentValues;)I+182
j  org.springframework.beans.factory.support.ConstructorResolver.instantiateUsingFactoryMethod(Ljava/lang/String;Lorg/springframework/beans/factory/support/RootBeanDefinition;[Ljava/lang/Object;)Lorg/springframework/beans/BeanWrapper;+588
j  org.springframework.beans.factory.support.AbstractAutowireCapableBeanFactory.instantiateUsingFactoryMethod(Ljava/lang/String;Lorg/springframework/beans/factory/support/RootBeanDefinition;[Ljava/lang/Object;)Lorg/springframework/beans/BeanWrapper;+11
j  org.springframework.beans.factory.support.AbstractAutowireCapableBeanFactory.createBeanInstance(Ljava/lang/String;Lorg/springframework/beans/factory/support/RootBeanDefinition;[Ljava/lang/Object;)Lorg/springframework/beans/BeanWrapper;+89
j  org.springframework.beans.factory.support.AbstractAutowireCapableBeanFactory.doCreateBean(Ljava/lang/String;Lorg/springframework/beans/factory/support/RootBeanDefinition;[Ljava/lang/Object;)Ljava/lang/Object;+34
j  org.springframework.beans.factory.support.AbstractAutowireCapableBeanFactory.createBean(Ljava/lang/String;Lorg/springframework/beans/factory/support/RootBeanDefinition;[Ljava/lang/Object;)Ljava/lang/Object;+153
j  org.springframework.beans.factory.support.AbstractBeanFactory.lambda$doGetBean$0(Ljava/lang/String;Lorg/springframework/beans/factory/support/RootBeanDefinition;[Ljava/lang/Object;)Ljava/lang/Object;+4
j  org.springframework.beans.factory.support.AbstractBeanFactory$$Lambda$304+0x00000264811aace0.getObject()Ljava/lang/Object;+16
j  org.springframework.beans.factory.support.DefaultSingletonBeanRegistry.getSingleton(Ljava/lang/String;Lorg/springframework/beans/factory/ObjectFactory;)Ljava/lang/Object;+114
J 2970 c1 org.springframework.beans.factory.support.AbstractBeanFactory.doGetBean(Ljava/lang/String;Ljava/lang/Class;[Ljava/lang/Object;Z)Ljava/lang/Object; (740 bytes) @ 0x00000264cf198264 [0x00000264cf197ca0+0x00000000000005c4]
j  org.springframework.beans.factory.support.AbstractBeanFactory.getBean(Ljava/lang/String;)Ljava/lang/Object;+5
j  org.springframework.beans.factory.support.BeanDefinitionValueResolver.resolveReference(Ljava/lang/Object;Lorg/springframework/beans/factory/config/RuntimeBeanReference;)Ljava/lang/Object;+145
j  org.springframework.beans.factory.support.BeanDefinitionValueResolver.resolveValueIfNecessary(Ljava/lang/Object;Ljava/lang/Object;)Ljava/lang/Object;+15
j  org.springframework.beans.factory.support.AbstractAutowireCapableBeanFactory.applyPropertyValues(Ljava/lang/String;Lorg/springframework/beans/factory/config/BeanDefinition;Lorg/springframework/beans/BeanWrapper;Lorg/springframework/beans/PropertyValues;)V+274
j  org.springframework.beans.factory.support.AbstractAutowireCapableBeanFactory.populateBean(Ljava/lang/String;Lorg/springframework/beans/factory/support/RootBeanDefinition;Lorg/springframework/beans/BeanWrapper;)V+351
j  org.springframework.beans.factory.support.AbstractAutowireCapableBeanFactory.doCreateBean(Ljava/lang/String;Lorg/springframework/beans/factory/support/RootBeanDefinition;[Ljava/lang/Object;)Ljava/lang/Object;+220
j  org.springframework.beans.factory.support.AbstractAutowireCapableBeanFactory.createBean(Ljava/lang/String;Lorg/springframework/beans/factory/support/RootBeanDefinition;[Ljava/lang/Object;)Ljava/lang/Object;+153
j  org.springframework.beans.factory.support.AbstractBeanFactory.lambda$doGetBean$0(Ljava/lang/String;Lorg/springframework/beans/factory/support/RootBeanDefinition;[Ljava/lang/Object;)Ljava/lang/Object;+4
j  org.springframework.beans.factory.support.AbstractBeanFactory$$Lambda$304+0x00000264811aace0.getObject()Ljava/lang/Object;+16
j  org.springframework.beans.factory.support.DefaultSingletonBeanRegistry.getSingleton(Ljava/lang/String;Lorg/springframework/beans/factory/ObjectFactory;)Ljava/lang/Object;+114
J 2970 c1 org.springframework.beans.factory.support.AbstractBeanFactory.doGetBean(Ljava/lang/String;Ljava/lang/Class;[Ljava/lang/Object;Z)Ljava/lang/Object; (740 bytes) @ 0x00000264cf198264 [0x00000264cf197ca0+0x00000000000005c4]
j  org.springframework.beans.factory.support.AbstractBeanFactory.getBean(Ljava/lang/String;)Ljava/lang/Object;+5
j  org.springframework.beans.factory.config.DependencyDescriptor.resolveCandidate(Ljava/lang/String;Ljava/lang/Class;Lorg/springframework/beans/factory/BeanFactory;)Ljava/lang/Object;+2
j  org.springframework.beans.factory.support.DefaultListableBeanFactory.doResolveDependency(Lorg/springframework/beans/factory/config/DependencyDescriptor;Ljava/lang/String;Ljava/util/Set;Lorg/springframework/beans/TypeConverter;)Ljava/lang/Object;+473
j  org.springframework.beans.factory.support.DefaultListableBeanFactory.resolveDependency(Lorg/springframework/beans/factory/config/DependencyDescriptor;Ljava/lang/String;Ljava/util/Set;Lorg/springframework/beans/TypeConverter;)Ljava/lang/Object;+117
j  org.springframework.beans.factory.support.ConstructorResolver.resolveAutowiredArgument(Lorg/springframework/beans/factory/config/DependencyDescriptor;Ljava/lang/Class;Ljava/lang/String;Ljava/util/Set;Lorg/springframework/beans/TypeConverter;Z)Ljava/lang/Object;+53
j  org.springframework.beans.factory.support.ConstructorResolver.createArgumentArray(Ljava/lang/String;Lorg/springframework/beans/factory/support/RootBeanDefinition;Lorg/springframework/beans/factory/config/ConstructorArgumentValues;Lorg/springframework/beans/BeanWrapper;[Ljava/lang/Class;[Ljava/lang/String;Ljava/lang/reflect/Executable;ZZ)Lorg/springframework/beans/factory/support/ConstructorResolver$ArgumentsHolder;+420
j  org.springframework.beans.factory.support.ConstructorResolver.autowireConstructor(Ljava/lang/String;Lorg/springframework/beans/factory/support/RootBeanDefinition;[Ljava/lang/reflect/Constructor;[Ljava/lang/Object;)Lorg/springframework/beans/BeanWrapper;+530
j  org.springframework.beans.factory.support.AbstractAutowireCapableBeanFactory.autowireConstructor(Ljava/lang/String;Lorg/springframework/beans/factory/support/RootBeanDefinition;[Ljava/lang/reflect/Constructor;[Ljava/lang/Object;)Lorg/springframework/beans/BeanWrapper;+13
j  org.springframework.beans.factory.support.AbstractAutowireCapableBeanFactory.createBeanInstance(Ljava/lang/String;Lorg/springframework/beans/factory/support/RootBeanDefinition;[Ljava/lang/Object;)Lorg/springframework/beans/BeanWrapper;+209
j  org.springframework.beans.factory.support.AbstractAutowireCapableBeanFactory.doCreateBean(Ljava/lang/String;Lorg/springframework/beans/factory/support/RootBeanDefinition;[Ljava/lang/Object;)Ljava/lang/Object;+34
j  org.springframework.beans.factory.support.AbstractAutowireCapableBeanFactory.createBean(Ljava/lang/String;Lorg/springframework/beans/factory/support/RootBeanDefinition;[Ljava/lang/Object;)Ljava/lang/Object;+153
j  org.springframework.beans.factory.support.AbstractBeanFactory.lambda$doGetBean$0(Ljava/lang/String;Lorg/springframework/beans/factory/support/RootBeanDefinition;[Ljava/lang/Object;)Ljava/lang/Object;+4
j  org.springframework.beans.factory.support.AbstractBeanFactory$$Lambda$304+0x00000264811aace0.getObject()Ljava/lang/Object;+16
j  org.springframework.beans.factory.support.DefaultSingletonBeanRegistry.getSingleton(Ljava/lang/String;Lorg/springframework/beans/factory/ObjectFactory;)Ljava/lang/Object;+114
J 2970 c1 org.springframework.beans.factory.support.AbstractBeanFactory.doGetBean(Ljava/lang/String;Ljava/lang/Class;[Ljava/lang/Object;Z)Ljava/lang/Object; (740 bytes) @ 0x00000264cf198264 [0x00000264cf197ca0+0x00000000000005c4]
j  org.springframework.beans.factory.support.AbstractBeanFactory.getBean(Ljava/lang/String;)Ljava/lang/Object;+5
j  org.springframework.beans.factory.config.DependencyDescriptor.resolveCandidate(Ljava/lang/String;Ljava/lang/Class;Lorg/springframework/beans/factory/BeanFactory;)Ljava/lang/Object;+2
j  org.springframework.beans.factory.support.DefaultListableBeanFactory.doResolveDependency(Lorg/springframework/beans/factory/config/DependencyDescriptor;Ljava/lang/String;Ljava/util/Set;Lorg/springframework/beans/TypeConverter;)Ljava/lang/Object;+473
j  org.springframework.beans.factory.support.DefaultListableBeanFactory.resolveDependency(Lorg/springframework/beans/factory/config/DependencyDescriptor;Ljava/lang/String;Ljava/util/Set;Lorg/springframework/beans/TypeConverter;)Ljava/lang/Object;+117
j  org.springframework.beans.factory.support.ConstructorResolver.resolveAutowiredArgument(Lorg/springframework/beans/factory/config/DependencyDescriptor;Ljava/lang/Class;Ljava/lang/String;Ljava/util/Set;Lorg/springframework/beans/TypeConverter;Z)Ljava/lang/Object;+53
j  org.springframework.beans.factory.support.ConstructorResolver.createArgumentArray(Ljava/lang/String;Lorg/springframework/beans/factory/support/RootBeanDefinition;Lorg/springframework/beans/factory/config/ConstructorArgumentValues;Lorg/springframework/beans/BeanWrapper;[Ljava/lang/Class;[Ljava/lang/String;Ljava/lang/reflect/Executable;ZZ)Lorg/springframework/beans/factory/support/ConstructorResolver$ArgumentsHolder;+420
j  org.springframework.beans.factory.support.ConstructorResolver.autowireConstructor(Ljava/lang/String;Lorg/springframework/beans/factory/support/RootBeanDefinition;[Ljava/lang/reflect/Constructor;[Ljava/lang/Object;)Lorg/springframework/beans/BeanWrapper;+530
j  org.springframework.beans.factory.support.AbstractAutowireCapableBeanFactory.autowireConstructor(Ljava/lang/String;Lorg/springframework/beans/factory/support/RootBeanDefinition;[Ljava/lang/reflect/Constructor;[Ljava/lang/Object;)Lorg/springframework/beans/BeanWrapper;+13
j  org.springframework.beans.factory.support.AbstractAutowireCapableBeanFactory.createBeanInstance(Ljava/lang/String;Lorg/springframework/beans/factory/support/RootBeanDefinition;[Ljava/lang/Object;)Lorg/springframework/beans/BeanWrapper;+209
j  org.springframework.beans.factory.support.AbstractAutowireCapableBeanFactory.doCreateBean(Ljava/lang/String;Lorg/springframework/beans/factory/support/RootBeanDefinition;[Ljava/lang/Object;)Ljava/lang/Object;+34
j  org.springframework.beans.factory.support.AbstractAutowireCapableBeanFactory.createBean(Ljava/lang/String;Lorg/springframework/beans/factory/support/RootBeanDefinition;[Ljava/lang/Object;)Ljava/lang/Object;+153
j  org.springframework.beans.factory.support.AbstractBeanFactory.lambda$doGetBean$0(Ljava/lang/String;Lorg/springframework/beans/factory/support/RootBeanDefinition;[Ljava/lang/Object;)Ljava/lang/Object;+4
j  org.springframework.beans.factory.support.AbstractBeanFactory$$Lambda$304+0x00000264811aace0.getObject()Ljava/lang/Object;+16
j  org.springframework.beans.factory.support.DefaultSingletonBeanRegistry.getSingleton(Ljava/lang/String;Lorg/springframework/beans/factory/ObjectFactory;)Ljava/lang/Object;+114
J 2970 c1 org.springframework.beans.factory.support.AbstractBeanFactory.doGetBean(Ljava/lang/String;Ljava/lang/Class;[Ljava/lang/Object;Z)Ljava/lang/Object; (740 bytes) @ 0x00000264cf198264 [0x00000264cf197ca0+0x00000000000005c4]
J 2974 c1 org.springframework.beans.factory.support.AbstractBeanFactory.getBean(Ljava/lang/String;Ljava/lang/Class;)Ljava/lang/Object; (9 bytes) @ 0x00000264cf193984 [0x00000264cf193940+0x0000000000000044]
j  org.springframework.boot.web.servlet.ServletContextInitializerBeans.getOrderedBeansOfType(Lorg/springframework/beans/factory/ListableBeanFactory;Ljava/lang/Class;Ljava/util/Set;)Ljava/util/List;+69
j  org.springframework.boot.web.servlet.ServletContextInitializerBeans.addAsRegistrationBean(Lorg/springframework/beans/factory/ListableBeanFactory;Ljava/lang/Class;Ljava/lang/Class;Lorg/springframework/boot/web/servlet/ServletContextInitializerBeans$RegistrationBeanAdapter;)V+7
j  org.springframework.boot.web.servlet.ServletContextInitializerBeans.addAsRegistrationBean(Lorg/springframework/beans/factory/ListableBeanFactory;Ljava/lang/Class;Lorg/springframework/boot/web/servlet/ServletContextInitializerBeans$RegistrationBeanAdapter;)V+5
j  org.springframework.boot.web.servlet.ServletContextInitializerBeans.addAdaptableBeans(Lorg/springframework/beans/factory/ListableBeanFactory;)V+32
j  org.springframework.boot.web.servlet.ServletContextInitializerBeans.<init>(Lorg/springframework/beans/factory/ListableBeanFactory;[Ljava/lang/Class;)V+54
j  org.springframework.boot.web.servlet.context.ServletWebServerApplicationContext.getServletContextInitializerBeans()Ljava/util/Collection;+12
j  org.springframework.boot.web.servlet.context.ServletWebServerApplicationContext.selfInitialize(Ljakarta/servlet/ServletContext;)V+19
j  org.springframework.boot.web.servlet.context.ServletWebServerApplicationContext$$Lambda$722+0x00000264813d6000.onStartup(Ljakarta/servlet/ServletContext;)V+5
j  org.springframework.boot.web.embedded.tomcat.TomcatStarter.onStartup(Ljava/util/Set;Ljakarta/servlet/ServletContext;)V+28
j  org.apache.catalina.core.StandardContext.startInternal()V+1048
j  org.apache.catalina.util.LifecycleBase.start()V+210
j  org.apache.catalina.core.ContainerBase$StartChild.call()Ljava/lang/Void;+4
j  org.apache.catalina.core.ContainerBase$StartChild.call()Ljava/lang/Object;+1
j  java.util.concurrent.FutureTask.run()V+39 java.base@17.0.16
j  org.apache.tomcat.util.threads.InlineExecutorService.execute(Ljava/lang/Runnable;)V+38
j  java.util.concurrent.AbstractExecutorService.submit(Ljava/util/concurrent/Callable;)Ljava/util/concurrent/Future;+20 java.base@17.0.16
j  org.apache.catalina.core.ContainerBase.startInternal()V+116
j  org.apache.catalina.core.StandardHost.startInternal()V+177
j  org.apache.catalina.util.LifecycleBase.start()V+210
j  org.apache.catalina.core.ContainerBase$StartChild.call()Ljava/lang/Void;+4
j  org.apache.catalina.core.ContainerBase$StartChild.call()Ljava/lang/Object;+1
j  java.util.concurrent.FutureTask.run()V+39 java.base@17.0.16
j  org.apache.tomcat.util.threads.InlineExecutorService.execute(Ljava/lang/Runnable;)V+38
j  java.util.concurrent.AbstractExecutorService.submit(Ljava/util/concurrent/Callable;)Ljava/util/concurrent/Future;+20 java.base@17.0.16
j  org.apache.catalina.core.ContainerBase.startInternal()V+116
j  org.apache.catalina.core.StandardEngine.startInternal()V+38
j  org.apache.catalina.util.LifecycleBase.start()V+210
j  org.apache.catalina.core.StandardService.startInternal()V+63
j  org.apache.catalina.util.LifecycleBase.start()V+210
j  org.apache.catalina.core.StandardServer.startInternal()V+94
j  org.apache.catalina.util.LifecycleBase.start()V+210
j  org.apache.catalina.startup.Tomcat.start()V+9
j  org.springframework.boot.web.embedded.tomcat.TomcatWebServer.initialize()V+55
j  org.springframework.boot.web.embedded.tomcat.TomcatWebServer.<init>(Lorg/apache/catalina/startup/Tomcat;ZLorg/springframework/boot/web/server/Shutdown;)V+66
j  org.springframework.boot.web.embedded.tomcat.TomcatServletWebServerFactory.getTomcatWebServer(Lorg/apache/catalina/startup/Tomcat;)Lorg/springframework/boot/web/embedded/tomcat/TomcatWebServer;+21
j  org.springframework.boot.web.embedded.tomcat.TomcatServletWebServerFactory.getWebServer([Lorg/springframework/boot/web/servlet/ServletContextInitializer;)Lorg/springframework/boot/web/server/WebServer;+212
j  org.springframework.boot.web.servlet.context.ServletWebServerApplicationContext.createWebServer()V+67
j  org.springframework.boot.web.servlet.context.ServletWebServerApplicationContext.onRefresh()V+5
j  org.springframework.context.support.AbstractApplicationContext.refresh()V+85
j  org.springframework.boot.web.servlet.context.ServletWebServerApplicationContext.refresh()V+1
j  org.springframework.boot.SpringApplication.refresh(Lorg/springframework/context/ConfigurableApplicationContext;)V+1
j  org.springframework.boot.SpringApplication.refreshContext(Lorg/springframework/context/ConfigurableApplicationContext;)V+16
j  org.springframework.boot.SpringApplication.run([Ljava/lang/String;)Lorg/springframework/context/ConfigurableApplicationContext;+110
j  org.springframework.boot.SpringApplication.run([Ljava/lang/Class;[Ljava/lang/String;)Lorg/springframework/context/ConfigurableApplicationContext;+9
j  org.springframework.boot.SpringApplication.run(Ljava/lang/Class;[Ljava/lang/String;)Lorg/springframework/context/ConfigurableApplicationContext;+9
j  com.example.cinema.CinemaManagementApplication.main([Ljava/lang/String;)V+3
v  ~StubRoutines::call_stub
j  jdk.internal.reflect.NativeMethodAccessorImpl.invoke0(Ljava/lang/reflect/Method;Ljava/lang/Object;[Ljava/lang/Object;)Ljava/lang/Object;+0 java.base@17.0.16
j  jdk.internal.reflect.NativeMethodAccessorImpl.invoke(Ljava/lang/Object;[Ljava/lang/Object;)Ljava/lang/Object;+133 java.base@17.0.16
j  jdk.internal.reflect.DelegatingMethodAccessorImpl.invoke(Ljava/lang/Object;[Ljava/lang/Object;)Ljava/lang/Object;+6 java.base@17.0.16
j  java.lang.reflect.Method.invoke(Ljava/lang/Object;[Ljava/lang/Object;)Ljava/lang/Object;+59 java.base@17.0.16
j  org.springframework.boot.devtools.restart.RestartLauncher.run()V+47
v  ~StubRoutines::call_stub
method entry point (kind = zerolocals)  [0x00000264ce94c180, 0x00000264ce94c460]  736 bytes
[MachCode]
  0x00000264ce94c180: 488b 5308 | 0fb7 4a2c | 0fb7 522a | 2bd1 81fa | f501 0000 | 0f86 2500 | 0000 488b | c248 c1e0 
  0x00000264ce94c1a0: 0348 83c0 | 5849 0387 | b803 0000 | 483b e00f | 870a 0000 | 0058 498b | e550 e9c1 | c6ff ff58 
  0x00000264ce94c1c0: 4c8d 74cc | f885 d20f | 8e09 0000 | 0068 0000 | 0000 ffca | 7ff7 5055 | 488b ec41 | 5568 0000 
  0x00000264ce94c1e0: 0000 4c8b | 6b08 4d8d | 6d30 5348 | 8b53 0848 | 8b52 0848 | 8b52 1848 | 8b52 7048 | 8b12 5268 
  0x00000264ce94c200: 0000 0000 | 488b 5308 | 488b 5208 | 488b 5210 | 5241 5641 | 5568 0000 | 0000 4889 | 2424 41c6 
  0x00000264ce94c220: 8771 0300 | 0001 488b | 4318 4885 | c00f 85b2 | 0000 00e8 | 0500 0000 | e99b 0000 | 0048 8bd3 
  0x00000264ce94c240: 488d 4424 | 084c 896d | c049 8bcf | c5f8 7749 | 89af a802 | 0000 4989 | 8798 0200 | 0048 83ec 
  0x00000264ce94c260: 20f7 c40f | 0000 000f | 841a 0000 | 0048 83ec | 0849 bac0 | 2140 06f8 | 7f00 0041 | ffd2 4883 
  0x00000264ce94c280: c408 e90d | 0000 0049 | bac0 2140 | 06f8 7f00 | 0041 ffd2 | 4883 c420 | 49c7 8798 | 0200 0000 
  0x00000264ce94c2a0: 0000 0049 | c787 a802 | 0000 0000 | 0000 49c7 | 87a0 0200 | 0000 0000 | 00c5 f877 | 4981 7f08 
  0x00000264ce94c2c0: 0000 0000 | 0f84 0500 | 0000 e931 | 4cff ff4c | 8b6d c04c | 8b75 c8c3 | 488b 4318 | 4885 c00f 
  0x00000264ce94c2e0: 8412 0000 | 008b 4808 | 83c1 0289 | 4808 2348 | 200f 84a2 | 0000 0089 | 8424 00f0 | ffff 8984 
  0x00000264ce94c300: 2400 e0ff | ff89 8424 | 00d0 ffff | 8984 2400 | c0ff ff89 | 8424 00b0 | ffff 8984 | 2400 a0ff 
  0x00000264ce94c320: ff89 8424 | 0090 ffff | 41c6 8771 | 0300 0000 | 49ba c2c6 | c006 f87f | 0000 4180 | 3a00 0f84 
  0x00000264ce94c340: 4200 0000 | 488b 55e8 | 498b cf48 | 83ec 20f7 | c40f 0000 | 000f 841a | 0000 0048 | 83ec 0849 
  0x00000264ce94c360: ba50 8d76 | 06f8 7f00 | 0041 ffd2 | 4883 c408 | e90d 0000 | 0049 ba50 | 8d76 06f8 | 7f00 0041 
  0x00000264ce94c380: ffd2 4883 | c420 410f | b65d 0049 | ba10 3fc3 | 06f8 7f00 | 0041 ff24 | daba 0000 | 0000 e805 
  0x00000264ce94c3a0: 0000 00e9 | 9800 0000 | 488d 4424 | 084c 896d | c049 8bcf | c5f8 7749 | 89af a802 | 0000 4989 
  0x00000264ce94c3c0: 8798 0200 | 0048 83ec | 20f7 c40f | 0000 000f | 841a 0000 | 0048 83ec | 0849 bae0 | 2c40 06f8 
  0x00000264ce94c3e0: 7f00 0041 | ffd2 4883 | c408 e90d | 0000 0049 | bae0 2c40 | 06f8 7f00 | 0041 ffd2 | 4883 c420 
  0x00000264ce94c400: 49c7 8798 | 0200 0000 | 0000 0049 | c787 a802 | 0000 0000 | 0000 49c7 | 87a0 0200 | 0000 0000 
  0x00000264ce94c420: 00c5 f877 | 4981 7f08 | 0000 0000 | 0f84 0500 | 0000 e9c9 | 4aff ff4c | 8b6d c04c | 8b75 c8c3 
  0x00000264ce94c440: 488b 5de8 | e9ae feff | ff0f 1f80 | 0000 0000 | 0000 0000 | 0000 0000 | 0000 0000 | 0000 0000 
[/MachCode]

Compiled method (c1)   37126 3092       1       java.util.ArrayList::forEach (74 bytes)
 total in heap  [0x00000264cf1c6710,0x00000264cf1c6d30] = 1568
 relocation     [0x00000264cf1c6870,0x00000264cf1c68d0] = 96
 main code      [0x00000264cf1c68e0,0x00000264cf1c6b40] = 608
 stub code      [0x00000264cf1c6b40,0x00000264cf1c6ba8] = 104
 metadata       [0x00000264cf1c6ba8,0x00000264cf1c6bc0] = 24
 scopes data    [0x00000264cf1c6bc0,0x00000264cf1c6c48] = 136
 scopes pcs     [0x00000264cf1c6c48,0x00000264cf1c6d08] = 192
 dependencies   [0x00000264cf1c6d08,0x00000264cf1c6d10] = 8
 nul chk table  [0x00000264cf1c6d10,0x00000264cf1c6d30] = 32

[Constant Pool (empty)]

[MachCode]
[Entry Point]
  # {method} {0x000002648042ffe0} 'forEach' '(Ljava/util/function/Consumer;)V' in 'java/util/ArrayList'
  # this:     rdx:rdx   = 'java/util/ArrayList'
  # parm0:    r8:r8     = 'java/util/function/Consumer'
  #           [sp+0x90]  (sp of caller)
  0x00000264cf1c68e0: 448b 5208 | 49bb 0000 | 0080 6402 | 0000 4d03 | d34c 3bd0 

  0x00000264cf1c68f4: ;   {runtime_call ic_miss_stub}
  0x00000264cf1c68f4: 0f85 86ac | 7cff 660f | 1f44 0000 
[Verified Entry Point]
  0x00000264cf1c6900: 8984 2400 | 90ff ff55 | 4881 ec80 | 0000 0048 | 8954 2440 | 4c89 4424 | 4849 83f8 | 000f 8423 
  0x00000264cf1c6920: 0100 008b | 720c 8974 | 243c 8b7a | 1448 897c | 2458 8b5a | 1089 5c24 | 50b8 0000 | 0000 e960 
  0x00000264cf1c6940: 0000 000f | 1f44 0000 | 3bc3 0f8d | 5a00 0000 

  0x00000264cf1c6950: ; implicit exception: dispatches to 0x00000264cf1c6abe
  0x00000264cf1c6950: 3b47 0c0f | 836f 0100 | 0048 63c8 | 8b4c 8f10 | 4d8b c84c | 8bc1 498b | d189 4424 | 3848 b8f0 
  0x00000264cf1c6970: b55e df64 

  0x00000264cf1c6974: ;   {virtual_call}
  0x00000264cf1c6974: 0200 00e8 

  0x00000264cf1c6978: ; ImmutableOopMap {[64]=Oop [72]=Oop [88]=Oop }
                      ;*invokeinterface accept {reexecute=0 rethrow=0 return_oop=0}
                      ; - java.util.ArrayList::forEach@46 (line 1511)
  0x00000264cf1c6978: 1488 87ff | 8b44 2438 | ffc0 4d8b | 9750 0300 

  0x00000264cf1c6988: ; ImmutableOopMap {[64]=Oop [72]=Oop [88]=Oop }
                      ;*goto {reexecute=1 rethrow=0 return_oop=0}
                      ; - (reexecute) java.util.ArrayList::forEach@54 (line 1510)
                      ;   {poll}
  0x00000264cf1c6988: 0041 8502 | 8b5c 2450 | 488b 7c24 | 588b 7424 | 3c4c 8b44 | 2448 488b | 5424 408b | 4a0c 3bce 
  0x00000264cf1c69a8: 749e 3bce | 0f85 1600 | 0000 4881 | c480 0000 

  0x00000264cf1c69b8: ;   {poll_return}
  0x00000264cf1c69b8: 005d 493b | a748 0300 | 000f 870f | 0100 00c3 

  0x00000264cf1c69c8: ;   {metadata('java/util/ConcurrentModificationException')}
  0x00000264cf1c69c8: 48ba 987a | 0c81 6402 | 0000 80ba | 3301 0000 | 040f 8512 | 0100 0049 | 8b87 0801 | 0000 488d 
  0x00000264cf1c69e8: 7828 493b | bf18 0100 | 000f 87fa | 0000 0049 | 89bf 0801 | 0000 48c7 | 0001 0000 | 0048 8bca 
  0x00000264cf1c6a08: 49ba 0000 | 0080 6402 | 0000 492b | ca89 4808 | 4833 c989 | 480c 4833 | c948 8948 | 1048 8948 
  0x00000264cf1c6a28: 1848 8948 | 2048 8bd0 | 4889 4424 

  0x00000264cf1c6a34: ;   {optimized virtual_call}
  0x00000264cf1c6a34: 6066 90e8 

  0x00000264cf1c6a38: ; ImmutableOopMap {[96]=Oop }
                      ;*invokespecial <init> {reexecute=0 rethrow=0 return_oop=0}
                      ; - java.util.ArrayList::forEach@69 (line 1513)
  0x00000264cf1c6a38: c4b0 7cff | 488b 4424 | 60e9 e100 

  0x00000264cf1c6a44: ;   {metadata('java/lang/NullPointerException')}
  0x00000264cf1c6a44: 0000 48ba | 401a 0680 | 6402 0000 | 498b 8708 | 0100 0048 | 8d78 3049 | 3bbf 1801 | 0000 0f87 
  0x00000264cf1c6a64: 9600 0000 | 4989 bf08 | 0100 0048 | c700 0100 | 0000 488b | ca49 ba00 | 0000 8064 | 0200 0049 
  0x00000264cf1c6a84: 2bca 8948 | 0848 33c9 | 8948 0c48 | 33c9 4889 | 4810 4889 | 4818 4889 | 4820 4889 | 4828 488b 
  0x00000264cf1c6aa4: d048 8944 | 2468 0f1f 

  0x00000264cf1c6aac: ;   {optimized virtual_call}
  0x00000264cf1c6aac: 4400 00e8 

  0x00000264cf1c6ab0: ; ImmutableOopMap {[72]=Oop [104]=Oop [64]=Oop }
                      ;*invokespecial <init> {reexecute=0 rethrow=0 return_oop=0}
                      ; - java.util.Objects::requireNonNull@8 (line 209)
                      ; - java.util.ArrayList::forEach@1 (line 1506)
  0x00000264cf1c6ab0: 4cb0 7cff | 488b 4424 | 68e9 6900 

  0x00000264cf1c6abc: ;   {runtime_call throw_null_pointer_exception Runtime1 stub}
  0x00000264cf1c6abc: 0000 e85d 

  0x00000264cf1c6ac0: ; ImmutableOopMap {rdi=Oop [88]=Oop [64]=Oop r8=Oop [72]=Oop }
                      ;*aaload {reexecute=0 rethrow=0 return_oop=0}
                      ; - java.util.ArrayList::elementAt@2 (line 416)
                      ; - java.util.ArrayList::forEach@43 (line 1511)
                      ;   {runtime_call throw_null_pointer_exception Runtime1 stub}
  0x00000264cf1c6ac0: d486 ffe8 

  0x00000264cf1c6ac4: ; ImmutableOopMap {rdi=Oop [88]=Oop [64]=Oop r8=Oop [72]=Oop }
                      ;*aaload {reexecute=0 rethrow=0 return_oop=0}
                      ; - java.util.ArrayList::elementAt@2 (line 416)
                      ; - java.util.ArrayList::forEach@43 (line 1511)
  0x00000264cf1c6ac4: 58d4 86ff | 4889 0424 | 4889 7c24 

  0x00000264cf1c6ad0: ;   {runtime_call throw_range_check_failed Runtime1 stub}
  0x00000264cf1c6ad0: 08e8 4acb 

  0x00000264cf1c6ad4: ; ImmutableOopMap {rdi=Oop [88]=Oop [64]=Oop r8=Oop [72]=Oop }
                      ;*aaload {reexecute=0 rethrow=0 return_oop=0}
                      ; - java.util.ArrayList::elementAt@2 (line 416)
                      ; - java.util.ArrayList::forEach@43 (line 1511)
                      ;   {internal_word}
  0x00000264cf1c6ad4: 86ff 49ba | ba69 1ccf | 6402 0000 | 4d89 9760 

  0x00000264cf1c6ae4: ;   {runtime_call SafepointBlob}
  0x00000264cf1c6ae4: 0300 00e9 | 9424 7dff 

  0x00000264cf1c6aec: ;   {runtime_call throw_null_pointer_exception Runtime1 stub}
  0x00000264cf1c6aec: e82f d486 

  0x00000264cf1c6af0: ; ImmutableOopMap {}
                      ;*new {reexecute=0 rethrow=0 return_oop=0}
                      ; - java.util.ArrayList::forEach@65 (line 1513)
  0x00000264cf1c6af0: ff48 8bd2 

  0x00000264cf1c6af4: ;   {runtime_call fast_new_instance_init_check Runtime1 stub}
  0x00000264cf1c6af4: e807 e386 

  0x00000264cf1c6af8: ; ImmutableOopMap {}
                      ;*new {reexecute=0 rethrow=0 return_oop=0}
                      ; - java.util.ArrayList::forEach@65 (line 1513)
  0x00000264cf1c6af8: ffe9 2fff | ffff 488b 

  0x00000264cf1c6b00: ;   {runtime_call fast_new_instance Runtime1 stub}
  0x00000264cf1c6b00: d2e8 fade 

  0x00000264cf1c6b04: ; ImmutableOopMap {[72]=Oop [64]=Oop }
                      ;*new {reexecute=0 rethrow=0 return_oop=0}
                      ; - java.util.Objects::requireNonNull@4 (line 209)
                      ; - java.util.ArrayList::forEach@1 (line 1506)
  0x00000264cf1c6b04: 86ff eb9a | 9090 498b | 87d8 0300 | 0049 c787 | d803 0000 | 0000 0000 | 49c7 87e0 | 0300 0000 
  0x00000264cf1c6b24: 0000 0048 | 81c4 8000 

  0x00000264cf1c6b2c: ;   {runtime_call unwind_exception Runtime1 stub}
  0x00000264cf1c6b2c: 0000 5de9 | ccc4 86ff | f4f4 f4f4 | f4f4 f4f4 | f4f4 f4f4 
[Stub Code]
  0x00000264cf1c6b40: ;   {no_reloc}
  0x00000264cf1c6b40: 0f1f 4400 

  0x00000264cf1c6b44: ;   {static_stub}
  0x00000264cf1c6b44: 0048 bb00 | 0000 0000 

  0x00000264cf1c6b4c: ;   {runtime_call}
  0x00000264cf1c6b4c: 0000 00e9 | fbff ffff 

  0x00000264cf1c6b54: ;   {static_stub}
  0x00000264cf1c6b54: 9048 bb00 | 0000 0000 

  0x00000264cf1c6b5c: ;   {runtime_call}
  0x00000264cf1c6b5c: 0000 00e9 | fbff ffff 

  0x00000264cf1c6b64: ;   {static_stub}
  0x00000264cf1c6b64: 9048 bb00 | 0000 0000 

  0x00000264cf1c6b6c: ;   {runtime_call}
  0x00000264cf1c6b6c: 0000 00e9 | fbff ffff 
[Exception Handler]
  0x00000264cf1c6b74: ;   {runtime_call handle_exception_from_callee Runtime1 stub}
  0x00000264cf1c6b74: e887 f986 

  0x00000264cf1c6b78: ;   {external_word}
  0x00000264cf1c6b78: ff48 b9a0 | e99a 06f8 | 7f00 0048 

  0x00000264cf1c6b84: ;   {runtime_call}
  0x00000264cf1c6b84: 83e4 f049 | ba10 7963 | 06f8 7f00 | 0041 ffd2 

  0x00000264cf1c6b94: ;   {section_word}
  0x00000264cf1c6b94: f449 ba95 | 6b1c cf64 | 0200 0041 

  0x00000264cf1c6ba0: ;   {runtime_call DeoptimizationBlob}
  0x00000264cf1c6ba0: 52e9 7a38 | 7dff f4f4 
[/MachCode]


Compiled method (c1)   37138 2970   !   1       org.springframework.beans.factory.support.AbstractBeanFactory::doGetBean (740 bytes)
 total in heap  [0x00000264cf197610,0x00000264cf19c698] = 20616
 relocation     [0x00000264cf197770,0x00000264cf197c88] = 1304
 main code      [0x00000264cf197ca0,0x00000264cf1999c0] = 7456
 stub code      [0x00000264cf1999c0,0x00000264cf199e78] = 1208
 oops           [0x00000264cf199e78,0x00000264cf199ec0] = 72
 metadata       [0x00000264cf199ec0,0x00000264cf19a090] = 464
 scopes data    [0x00000264cf19a090,0x00000264cf19afd0] = 3904
 scopes pcs     [0x00000264cf19afd0,0x00000264cf19b8b0] = 2272
 dependencies   [0x00000264cf19b8b0,0x00000264cf19b978] = 200
 handler table  [0x00000264cf19b978,0x00000264cf19c5c0] = 3144
 nul chk table  [0x00000264cf19c5c0,0x00000264cf19c698] = 216

[Constant Pool (empty)]

[MachCode]
[Entry Point]
  # {method} {0x00000264db86f160} 'doGetBean' '(Ljava/lang/String;Ljava/lang/Class;[Ljava/lang/Object;Z)Ljava/lang/Object;' in 'org/springframework/beans/factory/support/AbstractBeanFactory'
  # this:     rdx:rdx   = 'org/springframework/beans/factory/support/AbstractBeanFactory'
  # parm0:    r8:r8     = 'java/lang/String'
  # parm1:    r9:r9     = 'java/lang/Class'
  # parm2:    rdi:rdi   = '[Ljava/lang/Object;'
  # parm3:    rsi       = boolean
  #           [sp+0x220]  (sp of caller)
  0x00000264cf197ca0: 448b 5208 | 49bb 0000 | 0080 6402 | 0000 4d03 | d34c 3bd0 

  0x00000264cf197cb4: ;   {runtime_call ic_miss_stub}
  0x00000264cf197cb4: 0f85 c698 | 7fff 660f | 1f44 0000 
[Verified Entry Point]
  0x00000264cf197cc0: 8984 2400 | 90ff ff55 | 4881 ec10 | 0200 0048 | 8994 24c0 | 0000 004c | 8984 24e0 | 0000 004c 
  0x00000264cf197ce0: 898c 24d8 | 0000 0048 | 89bc 24c8 | 0000 0089 | b424 d000 | 0000 498b | d066 0f1f 

  0x00000264cf197cfc: ;   {static_call}
  0x00000264cf197cfc: 4400 00e8 

  0x00000264cf197d00: ; ImmutableOopMap {[192]=Oop [216]=Oop [200]=Oop [224]=Oop }
                      ;*invokestatic transformedBeanName {reexecute=0 rethrow=0 return_oop=0}
                      ; - org.springframework.beans.factory.support.AbstractBeanFactory::transformedBeanName@2 (line 1234)
                      ; - org.springframework.beans.factory.support.AbstractBeanFactory::doGetBean@2 (line 243)
  0x00000264cf197d00: dc4e fdff | e92b 0000 | 000f 1f80 | 0000 0000 | 488b 8424 | e800 0000 | e903 0000 | 0049 8bc0 
  0x00000264cf197d20: 4d8b 9750 

  0x00000264cf197d24: ; ImmutableOopMap {[216]=Oop [200]=Oop [224]=Oop [192]=Oop r8=Oop rax=Oop }
                      ;*ifnonnull {reexecute=1 rethrow=0 return_oop=0}
                      ; - (reexecute) org.springframework.core.SimpleAliasRegistry::canonicalName@23 (line 220)
                      ; - org.springframework.beans.factory.support.AbstractBeanFactory::transformedBeanName@5 (line 1234)
                      ; - org.springframework.beans.factory.support.AbstractBeanFactory::doGetBean@2 (line 243)
                      ;   {poll}
  0x00000264cf197d24: 0300 0041 | 8502 4983 | f800 0f84 | 6d00 0000 | 488b 9424 | c000 0000 | 8b72 104c | 8bc0 488b 
  0x00000264cf197d44: d648 8984 | 24e8 0000 | 0048 b848 | e400 8064 

  0x00000264cf197d54: ;   {virtual_call}
  0x00000264cf197d54: 0200 00e8 

  0x00000264cf197d58: ; ImmutableOopMap {[216]=Oop [200]=Oop [224]=Oop [232]=Oop [192]=Oop }
                      ;*invokeinterface get {reexecute=0 rethrow=0 return_oop=0}
                      ; - org.springframework.core.SimpleAliasRegistry::canonicalName@7 (line 215)
                      ; - org.springframework.beans.factory.support.AbstractBeanFactory::transformedBeanName@5 (line 1234)
                      ; - org.springframework.beans.factory.support.AbstractBeanFactory::doGetBean@2 (line 243)
  0x00000264cf197d58: c4a6 b1ff | 4883 f800 | 0f84 2900 

  0x00000264cf197d64: ;   {metadata('java/lang/String')}
  0x00000264cf197d64: 0000 48be | f0e9 0080 | 6402 0000 | 448b 4808 | 49ba 0000 | 0080 6402 | 0000 4d03 | ca49 3bf1 
  0x00000264cf197d84: 0f85 4f17 | 0000 e900 | 0000 004c | 8bc0 4983 | f800 0f84 | 74ff ffff | e97c ffff | ff4c 8bc0 
  0x00000264cf197da4: 41b9 0100 | 0000 488b | 9424 c000 | 0000 4889 | 8424 f000 | 0000 0f1f 

  0x00000264cf197dbc: ;   {optimized virtual_call}
  0x00000264cf197dbc: 4400 00e8 

  0x00000264cf197dc0: ; ImmutableOopMap {[216]=Oop [200]=Oop [224]=Oop [192]=Oop [240]=Oop }
                      ;*invokevirtual getSingleton {reexecute=0 rethrow=0 return_oop=0}
                      ; - org.springframework.beans.factory.support.DefaultSingletonBeanRegistry::getSingleton@3 (line 168)
                      ; - org.springframework.beans.factory.support.AbstractBeanFactory::doGetBean@10 (line 247)
  0x00000264cf197dc0: 9c69 fdff | 4883 f800 | 0f84 1200 | 0000 488b | bc24 c800 | 0000 4883 | ff00 0f84 | a30a 0000 
  0x00000264cf197de0: 4c8b 8424 | f000 0000 | 488b 9424 | c000 0000 | 0f1f 8000 

  0x00000264cf197df4: ;   {optimized virtual_call}
  0x00000264cf197df4: 0000 00e8 

  0x00000264cf197df8: ; ImmutableOopMap {[216]=Oop [224]=Oop [192]=Oop [240]=Oop [200]=Oop }
                      ;*invokevirtual isPrototypeCurrentlyInCreation {reexecute=0 rethrow=0 return_oop=0}
                      ; - org.springframework.beans.factory.support.AbstractBeanFactory::doGetBean@98 (line 264)
  0x00000264cf197df8: f91b 0000 | 83f8 000f | 856c 1200 | 0048 8b94 | 24c0 0000 | 008b 7248 | 4889 b424 | f800 0000 
  0x00000264cf197e18: 4883 fe00 | 0f84 4600 | 0000 488b | 8424 f000 | 0000 4883 | f800 0f84 | b011 0000 | 8bba bc00 
  0x00000264cf197e38: 0000 4c8b | c048 8bd7 | 4889 8424 | f000 0000 | 0f1f 4400 | 0048 b8ff | ffff ffff 

  0x00000264cf197e54: ;   {virtual_call}
  0x00000264cf197e54: ffff ffe8 

  0x00000264cf197e58: ; ImmutableOopMap {[216]=Oop [224]=Oop [200]=Oop [192]=Oop [248]=Oop [240]=Oop }
                      ;*invokeinterface containsKey {reexecute=0 rethrow=0 return_oop=0}
                      ; - org.springframework.beans.factory.support.DefaultListableBeanFactory::containsBeanDefinition@11 (line 367)
                      ; - org.springframework.beans.factory.support.AbstractBeanFactory::doGetBean@128 (line 270)
  0x00000264cf197e58: 24a2 7fff | 83e0 0183 | f800 0f84 | 1e09 0000 | 8bb4 24d0 | 0000 0083 | fe00 0f85 | 1c00 0000 
  0x00000264cf197e78: 4c8b 8424 | f000 0000 | 488b 9424 | c000 0000 | 0f1f 8000 

  0x00000264cf197e8c: ;   {optimized virtual_call}
  0x00000264cf197e8c: 0000 00e8 

  0x00000264cf197e90: ; ImmutableOopMap {[216]=Oop [224]=Oop [200]=Oop [192]=Oop [240]=Oop }
                      ;*invokevirtual markBeanAsCreated {reexecute=0 rethrow=0 return_oop=0}
                      ; - org.springframework.beans.factory.support.AbstractBeanFactory::doGetBean@216 (line 290)
  0x00000264cf197e90: 811b 0000 | 4c8b 8c24 | d800 0000 | 488b 9424 | c000 0000 | 448b 8284 | 0000 0049 | 83f8 000f 
  0x00000264cf197eb0: 842a 0000 

  0x00000264cf197eb4: ;   {metadata('org/springframework/core/metrics/DefaultApplicationStartup')}
  0x00000264cf197eb4: 0048 b880 | b001 8164 | 0200 0041 | 8b58 0849 | ba00 0000 | 8064 0200 | 0049 03da | 483b 4338 
  0x00000264cf197ed4: 0f85 0816 | 0000 e900 | 0000 0049 | 8bf0 493b | 0049 83f9 | 000f 8457 | 0000 0049 | 83f9 000f 
  0x00000264cf197ef4: 8463 1000 

  0x00000264cf197ef8: ;   {oop(a 'java/lang/Class'{0x00000000854b0b58} = 'org/springframework/beans/factory/support/AbstractBeanFactory$$Lambda$303+0x00000264811aaac0')}
  0x00000264cf197ef8: 0049 b858 | 0b4b 8500 

  0x00000264cf197f00: ;   {oop(a 'jdk/internal/misc/Unsafe'{0x0000000084e30358})}
  0x00000264cf197f00: 0000 0048 | ba58 03e3 | 8400 0000 

  0x00000264cf197f0c: ;   {optimized virtual_call}
  0x00000264cf197f0c: 0066 90e8 

  0x00000264cf197f10: ; ImmutableOopMap {[224]=Oop [200]=Oop [240]=Oop [192]=Oop [216]=Oop }
                      ;*invokevirtual allocateInstance {reexecute=0 rethrow=0 return_oop=0}
                      ; - java.lang.invoke.DirectMethodHandle::allocateInstance@12 (line 520)
                      ; - java.lang.invoke.DirectMethodHandle$Holder::newInvokeSpecial@1
                      ; - java.lang.invoke.Invokers$Holder::linkToTargetMethod@5
                      ; - org.springframework.beans.factory.support.AbstractBeanFactory::doGetBean@254 (line 297)
  0x00000264cf197f10: cc84 c2ff | 450f be47 | 3841 83f8 | 000f 85c9 | 1500 004c | 8b8c 24d8 | 0000 004d | 8bd1 4489 
  0x00000264cf197f30: 500c 4c8b | c04d 33c1 | 49c1 e814 | 4983 f800 | 0f85 c715 | 0000 4c8b | 8424 f000 | 0000 488b 
  0x00000264cf197f50: 9424 c000 

  0x00000264cf197f54: ;   {optimized virtual_call}
  0x00000264cf197f54: 0000 90e8 

  0x00000264cf197f58: ; ImmutableOopMap {[224]=Oop [200]=Oop [240]=Oop [192]=Oop [216]=Oop }
                      ;*invokevirtual getMergedLocalBeanDefinition {reexecute=0 rethrow=0 return_oop=0}
                      ; - org.springframework.beans.factory.support.AbstractBeanFactory::doGetBean@268 (line 299)
  0x00000264cf197f58: a4a1 fdff | 4889 8424 | 1801 0000 

  0x00000264cf197f64: ; implicit exception: dispatches to 0x00000264cf199525
  0x00000264cf197f64: 440f be40 | 2041 83e0 | 0141 83f8 | 000f 8545 | 0f00 008b | 7034 4889 | b424 1001 | 0000 4883 
  0x00000264cf197f84: fe00 0f84 | 6a01 0000 

  0x00000264cf197f8c: ; implicit exception: dispatches to 0x00000264cf19952a
  0x00000264cf197f8c: 8b5e 0c89 | 9c24 0801 | 0000 b900 | 0000 00e9 | 2e01 0000 | 4c63 c146 | 8b6c 8610 | 448b 723c 
  0x00000264cf197fac: 4c8d 8424 | f801 0000 | 488b f84d | 8970 0849 | 8b06 4883 | c801 4989 | 00f0 4d0f | b106 0f84 
  0x00000264cf197fcc: 1300 0000 | 482b c448 | 81e0 07f0 | ffff 4989 | 000f 8551 | 1500 004c | 8bc7 4d8b | cd48 89bc 
  0x00000264cf197fec: 24f0 0000 

  0x00000264cf197ff0: ;   {oop(NULL)}
  0x00000264cf197ff0: 0048 bf00 | 0000 0000 | 0000 0048 | 8b94 24c0 | 0000 004c | 89b4 2420 | 0100 0089 | 8c24 d400 
  0x00000264cf198010: 0000 4c89 | ac24 0001 | 0000 0f1f 

  0x00000264cf19801c: ;   {optimized virtual_call}
  0x00000264cf19801c: 4400 00e8 

  0x00000264cf198020: ; ImmutableOopMap {[224]=Oop [200]=Oop [216]=Oop [192]=Oop [240]=Oop [256]=Oop [288]=Oop [272]=Oop [280]=Oop [512]=Oop }
                      ;*invokevirtual isDependent {reexecute=0 rethrow=0 return_oop=0}
                      ; - org.springframework.beans.factory.support.DefaultSingletonBeanRegistry::isDependent@11 (line 440)
                      ; - org.springframework.beans.factory.support.AbstractBeanFactory::doGetBean@325 (line 306)
  0x00000264cf198020: 211a 0000 | 4c8b c048 | 8d84 24f8 | 0100 004c | 8b08 4d85 | c90f 840f | 0000 0048 | 8b50 08f0 
  0x00000264cf198040: 4c0f b10a | 0f85 fd14 | 0000 4183 | e001 4183 | f800 0f85 | a006 0000 | 4c8b 8424 | 0001 0000 
  0x00000264cf198060: 4c8b 8c24 | f000 0000 | 488b 9424 | c000 0000 | 0f1f 8000 

  0x00000264cf198074: ;   {optimized virtual_call}
  0x00000264cf198074: 0000 00e8 

  0x00000264cf198078: ; ImmutableOopMap {[224]=Oop [200]=Oop [216]=Oop [192]=Oop [240]=Oop [256]=Oop [272]=Oop [280]=Oop }
                      ;*invokevirtual registerDependentBean {reexecute=0 rethrow=0 return_oop=0}
                      ; - org.springframework.beans.factory.support.AbstractBeanFactory::doGetBean@360 (line 310)
  0x00000264cf198078: d919 0000 | 4c8b 8424 | 0001 0000 

  0x00000264cf198084: ;   {oop(NULL)}
  0x00000264cf198084: 49b9 0000 | 0000 0000 

  0x00000264cf19808c: ;   {oop(NULL)}
  0x00000264cf19808c: 0000 48bf | 0000 0000 | 0000 0000 | be00 0000 | 0048 8b94 | 24c0 0000 

  0x00000264cf1980a4: ;   {optimized virtual_call}
  0x00000264cf1980a4: 0066 90e8 

  0x00000264cf1980a8: ; ImmutableOopMap {[224]=Oop [200]=Oop [216]=Oop [192]=Oop [240]=Oop [256]=Oop [272]=Oop [280]=Oop }
                      ;*invokevirtual doGetBean {reexecute=0 rethrow=0 return_oop=0}
                      ; - org.springframework.beans.factory.support.AbstractBeanFactory::getBean@5 (line 199)
                      ; - org.springframework.beans.factory.support.AbstractBeanFactory::doGetBean@366 (line 312)
  0x00000264cf1980a8: 14fc ffff | 8b8c 24d4 | 0000 00ff | c14d 8b97 

  0x00000264cf1980b8: ; ImmutableOopMap {[224]=Oop [200]=Oop [216]=Oop [192]=Oop [240]=Oop [256]=Oop [272]=Oop [280]=Oop }
                      ;*goto {reexecute=1 rethrow=0 return_oop=0}
                      ; - (reexecute) org.springframework.beans.factory.support.AbstractBeanFactory::doGetBean@404 (line 305)
  0x00000264cf1980b8: 5003 0000 

  0x00000264cf1980bc: ;   {poll}
  0x00000264cf1980bc: 4185 028b | 9c24 0801 | 0000 488b | b424 1001 | 0000 488b | 8424 f000 | 0000 488b | 9424 c000 
  0x00000264cf1980dc: 0000 3bcb | 0f8c bafe | ffff 4889 | 8424 f000 | 0000 488b | 8424 1801 | 0000 448b 

  0x00000264cf1980f8: ;   {oop("singleton"{0x0000000084d17028})}
  0x00000264cf1980f8: 402c 48ba | 2870 d184 | 0000 0000 

  0x00000264cf198104: ;   {optimized virtual_call}
  0x00000264cf198104: 6666 90e8 

  0x00000264cf198108: ; ImmutableOopMap {[224]=Oop [200]=Oop [216]=Oop [192]=Oop [240]=Oop [280]=Oop }
                      ;*invokevirtual equals {reexecute=0 rethrow=0 return_oop=0}
                      ; - org.springframework.beans.factory.support.AbstractBeanDefinition::isSingleton@7 (line 535)
                      ; - org.springframework.beans.factory.support.AbstractBeanFactory::doGetBean@409 (line 322)
  0x00000264cf198108: 547c 8aff | 83f8 000f | 8539 0000 | 0048 8b84 | 2418 0100 | 0044 8b40 

  0x00000264cf198120: ;   {oop(""{0x0000000084e13408})}
  0x00000264cf198120: 2c48 ba08 | 34e1 8400 | 0000 000f 

  0x00000264cf19812c: ;   {optimized virtual_call}
  0x00000264cf19812c: 1f40 00e8 

  0x00000264cf198130: ; ImmutableOopMap {[224]=Oop [200]=Oop [216]=Oop [192]=Oop [240]=Oop [280]=Oop }
                      ;*invokevirtual equals {reexecute=0 rethrow=0 return_oop=0}
                      ; - org.springframework.beans.factory.support.AbstractBeanDefinition::isSingleton@19 (line 535)
                      ; - org.springframework.beans.factory.support.AbstractBeanFactory::doGetBean@409 (line 322)
  0x00000264cf198130: cc99 7fff | 83f8 0041 | b800 0000 | 000f 8406 | 0000 0041 | b801 0000 | 00e9 0600 | 0000 41b8 
  0x00000264cf198150: 0100 0000 | 4183 e001 | 4183 f800 | 0f84 b701 

  0x00000264cf198160: ;   {oop(a 'java/lang/Class'{0x00000000854b0bc8} = 'org/springframework/beans/factory/support/AbstractBeanFactory$$Lambda$304+0x00000264811aace0')}
  0x00000264cf198160: 0000 49b8 | c80b 4b85 | 0000 0000 

  0x00000264cf19816c: ;   {oop(a 'jdk/internal/misc/Unsafe'{0x0000000084e30358})}
  0x00000264cf19816c: 48ba 5803 | e384 0000 

  0x00000264cf198174: ;   {optimized virtual_call}
  0x00000264cf198174: 0000 90e8 

  0x00000264cf198178: ; ImmutableOopMap {[224]=Oop [216]=Oop [240]=Oop [200]=Oop [280]=Oop [192]=Oop }
                      ;*invokevirtual allocateInstance {reexecute=0 rethrow=0 return_oop=0}
                      ; - java.lang.invoke.DirectMethodHandle::allocateInstance@12 (line 520)
                      ; - java.lang.invoke.LambdaForm$DMH/0x0000026481081000::newInvokeSpecial@1
                      ; - java.lang.invoke.Invokers$Holder::linkToTargetMethod@9
                      ; - org.springframework.beans.factory.support.AbstractBeanFactory::doGetBean@424 (line 323)
  0x00000264cf198178: 6482 c2ff | 450f be47 | 3841 83f8 | 000f 85d2 | 1300 0048 | 8b94 24c0 | 0000 004c | 8bd2 4489 
  0x00000264cf198198: 500c 4c8b | c04c 33c2 | 49c1 e814 | 4983 f800 | 0f85 d013 | 0000 450f | be47 3841 | 83f8 000f 
  0x00000264cf1981b8: 85d9 1300 | 0048 8bb4 | 24f0 0000 | 004c 8bd6 | 4489 5010 | 4c8b c04c | 33c6 49c1 | e814 4983 
  0x00000264cf1981d8: f800 0f85 | d213 0000 | 450f be47 | 3841 83f8 | 000f 85db | 1300 0048 | 8bbc 2418 | 0100 004c 
  0x00000264cf1981f8: 8bd7 4489 | 5014 4c8b | c04c 33c7 | 49c1 e814 | 4983 f800 | 0f85 d413 | 0000 450f | be47 3841 
  0x00000264cf198218: 83f8 000f | 85dd 1300 | 0048 8b9c | 24c8 0000 | 004c 8bd3 | 4489 5018 | 4c8b c04c | 33c3 49c1 
  0x00000264cf198238: e814 4983 | f800 0f85 | d613 0000 | 4c8b c64c | 8bc8 488b | da48 8bd3 | 4889 b424 | f000 0000 
  0x00000264cf198258: 0f1f 8000 

  0x00000264cf19825c: ;   {optimized virtual_call}
  0x00000264cf19825c: 0000 00e8 

  0x00000264cf198260: ; ImmutableOopMap {[224]=Oop [216]=Oop [280]=Oop [192]=Oop [240]=Oop }
                      ;*invokevirtual getSingleton {reexecute=0 rethrow=0 return_oop=0}
                      ; - org.springframework.beans.factory.support.AbstractBeanFactory::doGetBean@429 (line 323)
  0x00000264cf198260: 4118 0000 | 488b 9424 | c000 0000 | 8bb2 9800 | 0000 483b | 0648 8bd6 | 4889 8424 | 2801 0000 
  0x00000264cf198280: 0f1f 8000 

  0x00000264cf198284: ;   {optimized virtual_call}
  0x00000264cf198284: 0000 00e8 

  0x00000264cf198288: ; ImmutableOopMap {[224]=Oop [216]=Oop [280]=Oop [240]=Oop [192]=Oop [296]=Oop }
                      ;*invokevirtual get {reexecute=0 rethrow=0 return_oop=0}
                      ; - org.springframework.beans.factory.support.AbstractAutowireCapableBeanFactory::getObjectForBeanInstance@4 (line 1270)
                      ; - org.springframework.beans.factory.support.AbstractBeanFactory::doGetBean@442 (line 335)
  0x00000264cf198288: f453 b5ff | 4883 f800 | 0f84 2900 

  0x00000264cf198294: ;   {metadata('java/lang/String')}
  0x00000264cf198294: 0000 48be | f0e9 0080 | 6402 0000 | 448b 4008 | 49ba 0000 | 0080 6402 | 0000 4d03 | c249 3bf0 
  0x00000264cf1982b4: 0f85 7d13 | 0000 e900 | 0000 004c | 8bc8 4983 | f900 0f84 | 1800 0000 | 4c8b 8424 | f000 0000 
  0x00000264cf1982d4: 488b 9424 | c000 0000 

  0x00000264cf1982dc: ;   {optimized virtual_call}
  0x00000264cf1982dc: 6666 90e8 

  0x00000264cf1982e0: ; ImmutableOopMap {[224]=Oop [216]=Oop [280]=Oop [240]=Oop [192]=Oop [296]=Oop }
                      ;*invokevirtual registerDependentBean {reexecute=0 rethrow=0 return_oop=0}
                      ; - org.springframework.beans.factory.support.AbstractAutowireCapableBeanFactory::getObjectForBeanInstance@21 (line 1272)
                      ; - org.springframework.beans.factory.support.AbstractBeanFactory::doGetBean@442 (line 335)
  0x00000264cf1982e0: 1c98 7fff | 488b 8424 | 2801 0000 | 4c8b c04c | 8b8c 24e0 | 0000 0048 | 8bbc 24f0 | 0000 0048 
  0x00000264cf198300: 8bb4 2418 | 0100 0048 | 8b94 24c0 

  0x00000264cf19830c: ;   {optimized virtual_call}
  0x00000264cf19830c: 0000 00e8 

  0x00000264cf198310: ; ImmutableOopMap {[224]=Oop [216]=Oop [240]=Oop [192]=Oop }
                      ;*invokespecial getObjectForBeanInstance {reexecute=0 rethrow=0 return_oop=0}
                      ; - org.springframework.beans.factory.support.AbstractAutowireCapableBeanFactory::getObjectForBeanInstance@30 (line 1275)
                      ; - org.springframework.beans.factory.support.AbstractBeanFactory::doGetBean@442 (line 335)
  0x00000264cf198310: ccbe ffff | e94b 0300 | 0048 8b84 | 2418 0100 | 0044 8b40 

  0x00000264cf198324: ;   {oop("prototype"{0x0000000084d17060})}
  0x00000264cf198324: 2c48 ba60 | 70d1 8400 

  0x00000264cf19832c: ;   {optimized virtual_call}
  0x00000264cf19832c: 0000 00e8 

  0x00000264cf198330: ; ImmutableOopMap {[224]=Oop [216]=Oop [240]=Oop [192]=Oop [280]=Oop [200]=Oop }
                      ;*invokevirtual equals {reexecute=0 rethrow=0 return_oop=0}
                      ; - org.springframework.beans.factory.support.AbstractBeanDefinition::isPrototype@7 (line 545)
                      ; - org.springframework.beans.factory.support.AbstractBeanFactory::doGetBean@452 (line 338)
  0x00000264cf198330: cc97 7fff | 83e0 0183 | f800 0f84 | 1101 0000 | 488b 9424 | c000 0000 | 4c8b 8424 | f000 0000 
  0x00000264cf198350: 488b f248 

  0x00000264cf198354: ;   {optimized virtual_call}
  0x00000264cf198354: 8bd6 90e8 

  0x00000264cf198358: ; ImmutableOopMap {[224]=Oop [216]=Oop [240]=Oop [280]=Oop [200]=Oop [192]=Oop }
                      ;*invokevirtual beforePrototypeCreation {reexecute=0 rethrow=0 return_oop=0}
                      ; - org.springframework.beans.factory.support.AbstractBeanFactory::doGetBean@464 (line 342)
  0x00000264cf198358: a497 7fff | 4c8b 8424 | f000 0000 | 4c8b 8c24 | 1801 0000 | 488b bc24 | c800 0000 | 488b 9424 
  0x00000264cf198378: c000 0000 

  0x00000264cf19837c: ;   {optimized virtual_call}
  0x00000264cf19837c: 6666 90e8 

  0x00000264cf198380: ; ImmutableOopMap {[224]=Oop [216]=Oop [240]=Oop [280]=Oop [192]=Oop }
                      ;*invokevirtual createBean {reexecute=0 rethrow=0 return_oop=0}
                      ; - org.springframework.beans.factory.support.AbstractBeanFactory::doGetBean@473 (line 343)
  0x00000264cf198380: 7c97 7fff | 4c8b 8424 | f000 0000 | 488b 9424 | c000 0000 | 4889 8424 | 3001 0000 

  0x00000264cf19839c: ;   {optimized virtual_call}
  0x00000264cf19839c: 6666 90e8 

  0x00000264cf1983a0: ; ImmutableOopMap {[224]=Oop [216]=Oop [240]=Oop [280]=Oop [192]=Oop [304]=Oop }
                      ;*invokevirtual afterPrototypeCreation {reexecute=0 rethrow=0 return_oop=0}
                      ; - org.springframework.beans.factory.support.AbstractBeanFactory::doGetBean@481 (line 346)
  0x00000264cf1983a0: 5c97 7fff | 488b 9424 | c000 0000 | 8bb2 9800 | 0000 483b | 0648 8bd6 | 0f1f 8000 

  0x00000264cf1983bc: ;   {optimized virtual_call}
  0x00000264cf1983bc: 0000 00e8 

  0x00000264cf1983c0: ; ImmutableOopMap {[224]=Oop [216]=Oop [240]=Oop [280]=Oop [304]=Oop [192]=Oop }
                      ;*invokevirtual get {reexecute=0 rethrow=0 return_oop=0}
                      ; - org.springframework.beans.factory.support.AbstractAutowireCapableBeanFactory::getObjectForBeanInstance@4 (line 1270)
                      ; - org.springframework.beans.factory.support.AbstractBeanFactory::doGetBean@506 (line 348)
  0x00000264cf1983c0: 3c97 7fff | 4883 f800 | 0f84 2900 

  0x00000264cf1983cc: ;   {metadata('java/lang/String')}
  0x00000264cf1983cc: 0000 48be | f0e9 0080 | 6402 0000 | 448b 4008 | 49ba 0000 | 0080 6402 | 0000 4d03 | c249 3bf0 
  0x00000264cf1983ec: 0f85 5312 | 0000 e900 | 0000 004c | 8bc8 4983 | f900 0f84 | 1800 0000 | 4c8b 8424 | f000 0000 
  0x00000264cf19840c: 488b 9424 | c000 0000 

  0x00000264cf198414: ;   {optimized virtual_call}
  0x00000264cf198414: 6666 90e8 

  0x00000264cf198418: ; ImmutableOopMap {[224]=Oop [216]=Oop [240]=Oop [280]=Oop [304]=Oop [192]=Oop }
                      ;*invokevirtual registerDependentBean {reexecute=0 rethrow=0 return_oop=0}
                      ; - org.springframework.beans.factory.support.AbstractAutowireCapableBeanFactory::getObjectForBeanInstance@21 (line 1272)
                      ; - org.springframework.beans.factory.support.AbstractBeanFactory::doGetBean@506 (line 348)
  0x00000264cf198418: e496 7fff | 488b 8424 | 3001 0000 | 4c8b c04c | 8b8c 24e0 | 0000 0048 | 8bbc 24f0 | 0000 0048 
  0x00000264cf198438: 8bb4 2418 | 0100 0048 | 8b94 24c0 

  0x00000264cf198444: ;   {optimized virtual_call}
  0x00000264cf198444: 0000 00e8 

  0x00000264cf198448: ; ImmutableOopMap {[224]=Oop [216]=Oop [240]=Oop [192]=Oop }
                      ;*invokespecial getObjectForBeanInstance {reexecute=0 rethrow=0 return_oop=0}
                      ; - org.springframework.beans.factory.support.AbstractAutowireCapableBeanFactory::getObjectForBeanInstance@30 (line 1275)
                      ; - org.springframework.beans.factory.support.AbstractBeanFactory::doGetBean@506 (line 348)
  0x00000264cf198448: b496 7fff | e913 0200 | 0048 8b84 | 2418 0100 | 008b 702c | 4883 fe00 | 0f84 3d00 | 0000 448b 
  0x00000264cf198468: 4614 458b | 400c 4183 | f800 41b8 | 0000 0000 | 0f85 0600 | 0000 41b8 | 0100 0000 | 4183 e001 
  0x00000264cf198488: 4183 f800 | 41b8 0000 | 0000 0f85 | 0600 0000 | 41b8 0100 | 0000 e906 | 0000 0041 | b800 0000 
  0x00000264cf1984a8: 0041 83e0 | 0141 83f8 | 000f 845d | 0900 0048 | 8b94 24c0 | 0000 008b | 7a74 4c8b | c648 8bd7 
  0x00000264cf1984c8: 4889 b424 | 3801 0000 | 0f1f 4400 | 0048 b8ff | ffff ffff 

  0x00000264cf1984dc: ;   {virtual_call}
  0x00000264cf1984dc: ffff ffe8 

  0x00000264cf1984e0: ; ImmutableOopMap {[224]=Oop [216]=Oop [240]=Oop [200]=Oop [312]=Oop [280]=Oop [192]=Oop }
                      ;*invokeinterface get {reexecute=0 rethrow=0 return_oop=0}
                      ; - org.springframework.beans.factory.support.AbstractBeanFactory::doGetBean@550 (line 356)
  0x00000264cf1984e0: 9c9b 7fff | 4883 f800 | 0f84 4a00 

  0x00000264cf1984ec: ;   {metadata('org/springframework/beans/factory/config/Scope')}
  0x00000264cf1984ec: 0000 49b9 | 20d2 0281 | 6402 0000 | 448b 4008 | 49ba 0000 | 0080 6402 | 0000 4d03 | c24d 3b48 
  0x00000264cf19850c: 200f 8425 | 0000 004d | 3bc1 0f84 | 1c00 0000 | 4150 4151 

  0x00000264cf198520: ;   {runtime_call slow_subtype_check Runtime1 stub}
  0x00000264cf198520: e8db eb89 | ff41 5841 | 5841 83f8 | 000f 8425 | 1100 00e9 | 0000 0000 | 488b d848 | 83fb 000f 
  0x00000264cf198540: 8427 0800 | 0048 899c | 2440 0100 | 0048 8b94 | 24c0 0000 | 0066 6690 

  0x00000264cf198558: ;   {no_reloc}
  0x00000264cf198558: e913 1100 | 0090 9090 | 9090 488b | c248 8bd0 | 4c8b 8424 | f000 0000 | 4c8b 8c24 | 1801 0000 
  0x00000264cf198578: 488b bc24 | c800 0000 | 0f1f 8000 

  0x00000264cf198584: ;   {static_call}
  0x00000264cf198584: 0000 00e8 

  0x00000264cf198588: ; ImmutableOopMap {[224]=Oop [216]=Oop [240]=Oop [312]=Oop [280]=Oop [192]=Oop [320]=Oop }
                      ;*invokedynamic {reexecute=0 rethrow=0 return_oop=0}
                      ; - org.springframework.beans.factory.support.AbstractBeanFactory::doGetBean@590 (line 361)
  0x00000264cf198588: 74a0 7fff | 4c8b 8424 | f000 0000 | 4c8b c848 | 8b94 2440 | 0100 0066 | 0f1f 4400 | 0048 b8ff 
  0x00000264cf1985a8: ffff ffff 

  0x00000264cf1985ac: ;   {virtual_call}
  0x00000264cf1985ac: ffff ffe8 

  0x00000264cf1985b0: ; ImmutableOopMap {[224]=Oop [216]=Oop [240]=Oop [312]=Oop [280]=Oop [192]=Oop }
                      ;*invokeinterface get {reexecute=0 rethrow=0 return_oop=0}
                      ; - org.springframework.beans.factory.support.AbstractBeanFactory::doGetBean@595 (line 361)
  0x00000264cf1985b0: cc9a 7fff | 488b 9424 | c000 0000 | 8bb2 9800 | 0000 483b | 0648 8bd6 | 4889 8424 | 4801 0000 
  0x00000264cf1985d0: 0f1f 8000 

  0x00000264cf1985d4: ;   {optimized virtual_call}
  0x00000264cf1985d4: 0000 00e8 

  0x00000264cf1985d8: ; ImmutableOopMap {[224]=Oop [216]=Oop [240]=Oop [312]=Oop [280]=Oop [328]=Oop [192]=Oop }
                      ;*invokevirtual get {reexecute=0 rethrow=0 return_oop=0}
                      ; - org.springframework.beans.factory.support.AbstractAutowireCapableBeanFactory::getObjectForBeanInstance@4 (line 1270)
                      ; - org.springframework.beans.factory.support.AbstractBeanFactory::doGetBean@610 (line 370)
  0x00000264cf1985d8: 2495 7fff | 4883 f800 | 0f84 2900 

  0x00000264cf1985e4: ;   {metadata('java/lang/String')}
  0x00000264cf1985e4: 0000 48be | f0e9 0080 | 6402 0000 | 448b 4008 | 49ba 0000 | 0080 6402 | 0000 4d03 | c249 3bf0 
  0x00000264cf198604: 0f85 7510 | 0000 e900 | 0000 004c | 8bc8 4983 | f900 0f84 | 1800 0000 | 4c8b 8424 | f000 0000 
  0x00000264cf198624: 488b 9424 | c000 0000 

  0x00000264cf19862c: ;   {optimized virtual_call}
  0x00000264cf19862c: 6666 90e8 

  0x00000264cf198630: ; ImmutableOopMap {[224]=Oop [216]=Oop [240]=Oop [312]=Oop [280]=Oop [328]=Oop [192]=Oop }
                      ;*invokevirtual registerDependentBean {reexecute=0 rethrow=0 return_oop=0}
                      ; - org.springframework.beans.factory.support.AbstractAutowireCapableBeanFactory::getObjectForBeanInstance@21 (line 1272)
                      ; - org.springframework.beans.factory.support.AbstractBeanFactory::doGetBean@610 (line 370)
  0x00000264cf198630: cc94 7fff | 488b 8424 | 4801 0000 | 4c8b c04c | 8b8c 24e0 | 0000 0048 | 8bbc 24f0 | 0000 0048 
  0x00000264cf198650: 8bb4 2418 | 0100 0048 | 8b94 24c0 

  0x00000264cf19865c: ;   {optimized virtual_call}
  0x00000264cf19865c: 0000 00e8 

  0x00000264cf198660: ; ImmutableOopMap {[224]=Oop [216]=Oop [240]=Oop [312]=Oop [192]=Oop }
                      ;*invokespecial getObjectForBeanInstance {reexecute=0 rethrow=0 return_oop=0}
                      ; - org.springframework.beans.factory.support.AbstractAutowireCapableBeanFactory::getObjectForBeanInstance@30 (line 1275)
                      ; - org.springframework.beans.factory.support.AbstractBeanFactory::doGetBean@610 (line 370)
  0x00000264cf198660: 9c94 7fff | 488b 9424 | c000 0000 | 440f be42 | 1541 83e0 | 0141 83f8 | 000f 8595 | 0500 0048 
  0x00000264cf198680: 8984 2450 | 0100 008b | 7278 4c8b | 8424 f000 | 0000 488b | d648 b8ff | ffff ffff 

  0x00000264cf19869c: ;   {virtual_call}
  0x00000264cf19869c: ffff ffe8 

  0x00000264cf1986a0: ; ImmutableOopMap {[224]=Oop [216]=Oop [240]=Oop [192]=Oop [336]=Oop }
                      ;*invokeinterface get {reexecute=0 rethrow=0 return_oop=0}
                      ; - org.springframework.beans.factory.support.AbstractBeanFactory::clearMergedBeanDefinition@5 (line 1465)
                      ; - org.springframework.beans.factory.support.DefaultListableBeanFactory::clearMergedBeanDefinition@2 (line 910)
                      ; - org.springframework.beans.factory.support.AbstractBeanFactory::doGetBean@651 (line 386)
  0x00000264cf1986a0: dc99 7fff | 4883 f800 | 0f84 2900 

  0x00000264cf1986ac: ;   {metadata('org/springframework/beans/factory/support/RootBeanDefinition')}
  0x00000264cf1986ac: 0000 48ba | 80dd 1581 | 6402 0000 | 8b78 0849 | ba00 0000 | 8064 0200 | 0049 03fa | 483b 5750 
  0x00000264cf1986cc: 0f85 b60f | 0000 e900 | 0000 0048 | 8bd0 4883 | fa00 0f84 | fe04 0000 | be01 0000 | 0040 8872 
  0x00000264cf1986ec: 64f0 8344 | 24c0 00e9 | ea04 0000 | 488b 8424 | 1801 0000 

  0x00000264cf198700: ;   {metadata('org/springframework/beans/factory/BeanCreationException')}
  0x00000264cf198700: 48ba 0080 | 1581 6402 | 0000 488b | d880 ba33 | 0100 0004 | 0f85 810f | 0000 498b | 8708 0100 
  0x00000264cf198720: 0048 8d78 | 3049 3bbf | 1801 0000 | 0f87 690f | 0000 4989 | bf08 0100 | 0048 c700 | 0100 0000 
  0x00000264cf198740: 488b ca49 | ba00 0000 | 8064 0200 | 0049 2bca | 8948 0848 | 33c9 8948 | 0c48 33c9 | 4889 4810 
  0x00000264cf198760: 4889 4818 | 4889 4820 | 4889 4828 | 4889 8424 | 9001 0000 | 8b73 6048 | 83fe 000f | 8478 0500 
  0x00000264cf198780: 00e9 5605 | 0000 4c8b | 8424 e000 | 0000 498b | d066 0f1f 

  0x00000264cf198794: ;   {static_call}
  0x00000264cf198794: 4400 00e8 

  0x00000264cf198798: ; ImmutableOopMap {[192]=Oop [248]=Oop [200]=Oop [216]=Oop [224]=Oop }
                      ;*invokestatic transformedBeanName {reexecute=0 rethrow=0 return_oop=0}
                      ; - org.springframework.beans.factory.support.AbstractBeanFactory::transformedBeanName@2 (line 1234)
                      ; - org.springframework.beans.factory.support.AbstractBeanFactory::originalBeanName@2 (line 1243)
                      ; - org.springframework.beans.factory.support.AbstractBeanFactory::doGetBean@136 (line 272)
  0x00000264cf198798: 649e 7fff | 4c8b c048 | 8b94 24c0 

  0x00000264cf1987a4: ;   {optimized virtual_call}
  0x00000264cf1987a4: 0000 00e8 

  0x00000264cf1987a8: ; ImmutableOopMap {[248]=Oop [200]=Oop [216]=Oop [224]=Oop }
                      ;*invokevirtual canonicalName {reexecute=0 rethrow=0 return_oop=0}
                      ; - org.springframework.beans.factory.support.AbstractBeanFactory::transformedBeanName@5 (line 1234)
                      ; - org.springframework.beans.factory.support.AbstractBeanFactory::originalBeanName@2 (line 1243)
                      ; - org.springframework.beans.factory.support.AbstractBeanFactory::doGetBean@136 (line 272)
  0x00000264cf1987a8: 5493 7fff | 4c8b 8424 | e000 0000 

  0x00000264cf1987b4: ; implicit exception: dispatches to 0x00000264cf1996a8
  0x00000264cf1987b4: 493b 0049 

  0x00000264cf1987b8: ;   {oop("&"{0x0000000084d16c30})}
  0x00000264cf1987b8: 8bf0 49b8 | 306c d184 | 0000 0000 | 41b9 0000 | 0000 488b | d648 8984 | 2458 0100 

  0x00000264cf1987d4: ;   {optimized virtual_call}
  0x00000264cf1987d4: 0066 90e8 

  0x00000264cf1987d8: ; ImmutableOopMap {[248]=Oop [200]=Oop [216]=Oop [344]=Oop }
                      ;*invokevirtual startsWith {reexecute=0 rethrow=0 return_oop=0}
                      ; - java.lang.String::startsWith@3 (line 2302)
                      ; - org.springframework.beans.factory.support.AbstractBeanFactory::originalBeanName@10 (line 1244)
                      ; - org.springframework.beans.factory.support.AbstractBeanFactory::doGetBean@136 (line 272)
  0x00000264cf1987d8: 2493 7fff | 83e0 0183 | f800 488b | 8424 5801 | 0000 0f84 | 1400 0000 

  0x00000264cf1987f0: ;   {no_reloc}
  0x00000264cf1987f0: e9c7 0e00 | 0090 9090 | 9090 488b 

  0x00000264cf1987fc: ;   {static_call}
  0x00000264cf1987fc: d066 90e8 

  0x00000264cf198800: ; ImmutableOopMap {[248]=Oop [200]=Oop [216]=Oop }
                      ;*invokedynamic {reexecute=0 rethrow=0 return_oop=0}
                      ; - org.springframework.beans.factory.support.AbstractBeanFactory::originalBeanName@17 (line 1245)
                      ; - org.springframework.beans.factory.support.AbstractBeanFactory::doGetBean@136 (line 272)
  0x00000264cf198800: fc9d 7fff | 488b b424 | f800 0000 | 4883 fe00 | 0f84 2900 

  0x00000264cf198814: ;   {metadata('org/springframework/beans/factory/support/AbstractBeanFactory')}
  0x00000264cf198814: 0000 48b9 | d84d 1581 | 6402 0000 | 8b5e 0849 | ba00 0000 | 8064 0200 | 0049 03da | 483b 4b50 
  0x00000264cf198834: 0f85 0500 | 0000 e905 | 0000 0048 | 33d2 eb0a | 48ba 0100 | 0000 0000 | 0000 83fa | 0048 8bbc 
  0x00000264cf198854: 24c8 0000 | 000f 851b | 0300 0048 | 83ff 000f | 85e1 0200 | 004c 8b8c | 24d8 0000 | 0049 83f9 
  0x00000264cf198874: 004c 8bc0 | 0f84 a402 | 0000 e96e | 0200 0048 | 8984 2460 | 0100 0048 | 8b94 24c0 | 0000 008b 
  0x00000264cf198894: 720c 488b | d60f 1f40 | 0048 b8d0 | f401 8164 

  0x00000264cf1988a4: ;   {virtual_call}
  0x00000264cf1988a4: 0200 00e8 

  0x00000264cf1988a8: ; ImmutableOopMap {[240]=Oop [224]=Oop [192]=Oop [352]=Oop [216]=Oop }
                      ;*invokeinterface isTraceEnabled {reexecute=0 rethrow=0 return_oop=0}
                      ; - org.springframework.beans.factory.support.AbstractBeanFactory::doGetBean@28 (line 249)
  0x00000264cf1988a8: 94e6 d3ff | 83f8 000f | 84d7 0000 | 0048 8b94 | 24c0 0000 | 008b 7228 | 4c8b 8424 | f000 0000 
  0x00000264cf1988c8: 488b d666 | 9048 b8ff | ffff ffff 

  0x00000264cf1988d4: ;   {virtual_call}
  0x00000264cf1988d4: ffff ffe8 

  0x00000264cf1988d8: ; ImmutableOopMap {[240]=Oop [224]=Oop [352]=Oop [216]=Oop [192]=Oop }
                      ;*invokeinterface contains {reexecute=0 rethrow=0 return_oop=0}
                      ; - org.springframework.beans.factory.support.DefaultSingletonBeanRegistry::isSingletonCurrentlyInCreation@5 (line 344)
                      ; - org.springframework.beans.factory.support.AbstractBeanFactory::doGetBean@39 (line 250)
  0x00000264cf1988d8: a497 7fff | 83e0 0183 | f800 488b | 9424 c000 | 0000 0f84 | 5100 0000 | 8b72 0c0f | 1f44 0000 
  0x00000264cf1988f8: ;   {no_reloc}
  0x00000264cf1988f8: e9d8 0d00 | 0090 9090 | 9090 488b | 9424 f000 | 0000 4889 | b424 6801 | 0000 0f1f 

  0x00000264cf198914: ;   {static_call}
  0x00000264cf198914: 4400 00e8 

  0x00000264cf198918: ; ImmutableOopMap {[240]=Oop [224]=Oop [352]=Oop [216]=Oop [192]=Oop [360]=Oop }
                      ;*invokedynamic {reexecute=0 rethrow=0 return_oop=0}
                      ; - org.springframework.beans.factory.support.AbstractBeanFactory::doGetBean@51 (line 251)
  0x00000264cf198918: e49c 7fff | 4c8b c048 | 8b94 2468 | 0100 0066 | 0f1f 4400 | 0048 b8ff | ffff ffff 

  0x00000264cf198934: ;   {virtual_call}
  0x00000264cf198934: ffff ffe8 

  0x00000264cf198938: ; ImmutableOopMap {[240]=Oop [224]=Oop [352]=Oop [216]=Oop [192]=Oop }
                      ;*invokeinterface trace {reexecute=0 rethrow=0 return_oop=0}
                      ; - org.springframework.beans.factory.support.AbstractBeanFactory::doGetBean@56 (line 251)
  0x00000264cf198938: 4497 7fff | e94b 0000 | 008b 720c | 0f1f 4000 

  0x00000264cf198948: ;   {no_reloc}
  0x00000264cf198948: e9a1 0d00 | 0090 9090 | 9090 488b | 9424 f000 | 0000 4889 | b424 7001 | 0000 0f1f 

  0x00000264cf198964: ;   {static_call}
  0x00000264cf198964: 4400 00e8 

  0x00000264cf198968: ; ImmutableOopMap {[240]=Oop [224]=Oop [352]=Oop [216]=Oop [368]=Oop [192]=Oop }
                      ;*invokedynamic {reexecute=0 rethrow=0 return_oop=0}
                      ; - org.springframework.beans.factory.support.AbstractBeanFactory::doGetBean@70 (line 255)
  0x00000264cf198968: 949c 7fff | 4c8b c048 | 8b94 2470 | 0100 0066 | 0f1f 4400 | 0048 b8ff | ffff ffff 

  0x00000264cf198984: ;   {virtual_call}
  0x00000264cf198984: ffff ffe8 

  0x00000264cf198988: ; ImmutableOopMap {[240]=Oop [224]=Oop [352]=Oop [216]=Oop [192]=Oop }
                      ;*invokeinterface trace {reexecute=0 rethrow=0 return_oop=0}
                      ; - org.springframework.beans.factory.support.AbstractBeanFactory::doGetBean@75 (line 255)
  0x00000264cf198988: f496 7fff | 488b 9424 | c000 0000 | 8bb2 9800 | 0000 483b | 0648 8bd6 | 0f1f 8000 

  0x00000264cf1989a4: ;   {optimized virtual_call}
  0x00000264cf1989a4: 0000 00e8 

  0x00000264cf1989a8: ; ImmutableOopMap {[240]=Oop [224]=Oop [352]=Oop [216]=Oop [192]=Oop }
                      ;*invokevirtual get {reexecute=0 rethrow=0 return_oop=0}
                      ; - org.springframework.beans.factory.support.AbstractAutowireCapableBeanFactory::getObjectForBeanInstance@4 (line 1270)
                      ; - org.springframework.beans.factory.support.AbstractBeanFactory::doGetBean@87 (line 258)
  0x00000264cf1989a8: d44c b5ff | 4883 f800 | 0f84 2900 

  0x00000264cf1989b4: ;   {metadata('java/lang/String')}
  0x00000264cf1989b4: 0000 48be | f0e9 0080 | 6402 0000 | 448b 4008 | 49ba 0000 | 0080 6402 | 0000 4d03 | c249 3bf0 
  0x00000264cf1989d4: 0f85 230d | 0000 e900 | 0000 004c | 8bc8 4983 | f900 0f84 | cb00 0000 | 4c8b 8424 | f000 0000 
  0x00000264cf1989f4: 488b 9424 | c000 0000 

  0x00000264cf1989fc: ;   {optimized virtual_call}
  0x00000264cf1989fc: 6666 90e8 

  0x00000264cf198a00: ; ImmutableOopMap {[240]=Oop [224]=Oop [352]=Oop [216]=Oop [192]=Oop }
                      ;*invokevirtual registerDependentBean {reexecute=0 rethrow=0 return_oop=0}
                      ; - org.springframework.beans.factory.support.AbstractAutowireCapableBeanFactory::getObjectForBeanInstance@21 (line 1272)
                      ; - org.springframework.beans.factory.support.AbstractBeanFactory::doGetBean@87 (line 258)
  0x00000264cf198a00: fc90 7fff | e9ae 0000 | 0048 8b9c | 2418 0100 | 0049 8b87 | d803 0000 | 4d33 d24d | 8997 d803 
  0x00000264cf198a20: 0000 4d33 | d24d 8997 | e003 0000 | 4889 8424 | 7801 0000 

  0x00000264cf198a34: ;   {metadata('org/springframework/beans/factory/BeanCreationException')}
  0x00000264cf198a34: 48ba 0080 | 1581 6402 | 0000 80ba | 3301 0000 | 040f 85c0 | 0c00 0049 | 8b87 0801 | 0000 488d 
  0x00000264cf198a54: 7830 493b | bf18 0100 | 000f 87a8 | 0c00 0049 | 89bf 0801 | 0000 48c7 | 0001 0000 | 0048 8bca 
  0x00000264cf198a74: 49ba 0000 | 0080 6402 | 0000 492b | ca89 4808 | 4833 c989 | 480c 4833 | c948 8948 | 1048 8948 
  0x00000264cf198a94: 1848 8948 | 2048 8948 | 2848 8984 | 2480 0100 | 008b 7360 | 4883 fe00 | 0f84 af01 | 0000 e993 
  0x00000264cf198ab4: 0100 0048 | 8b84 2460 | 0100 004c | 8bc0 4c8b | 8c24 e000 | 0000 488b | bc24 f000 

  0x00000264cf198ad0: ;   {oop(NULL)}
  0x00000264cf198ad0: 0000 48be | 0000 0000 | 0000 0000 | 488b 9424 | c000 0000 

  0x00000264cf198ae4: ;   {optimized virtual_call}
  0x00000264cf198ae4: 6666 90e8 

  0x00000264cf198ae8: ; ImmutableOopMap {[192]=Oop [224]=Oop [216]=Oop }
                      ;*invokespecial getObjectForBeanInstance {reexecute=0 rethrow=0 return_oop=0}
                      ; - org.springframework.beans.factory.support.AbstractAutowireCapableBeanFactory::getObjectForBeanInstance@30 (line 1275)
                      ; - org.springframework.beans.factory.support.AbstractBeanFactory::doGetBean@87 (line 258)
  0x00000264cf198ae8: f4b6 ffff | e923 0100 | 004c 8b8c | 24d8 0000 | 0048 8bd6 | 9048 b8ff | ffff ffff 

  0x00000264cf198b04: ;   {virtual_call}
  0x00000264cf198b04: ffff ffe8 

  0x00000264cf198b08: ; ImmutableOopMap {}
                      ;*invokeinterface getBean {reexecute=0 rethrow=0 return_oop=0}
                      ; - org.springframework.beans.factory.support.AbstractBeanFactory::doGetBean@192 (line 282)
  0x00000264cf198b08: 7495 7fff | 4881 c410 | 0200 005d 

  0x00000264cf198b14: ;   {poll_return}
  0x00000264cf198b14: 493b a748 | 0300 000f | 87f7 0b00 | 00c3 488b | d648 b8ff | ffff ffff 

  0x00000264cf198b2c: ;   {virtual_call}
  0x00000264cf198b2c: ffff ffe8 

  0x00000264cf198b30: ; ImmutableOopMap {}
                      ;*invokeinterface getBean {reexecute=0 rethrow=0 return_oop=0}
                      ; - org.springframework.beans.factory.support.AbstractBeanFactory::doGetBean@202 (line 285)
  0x00000264cf198b30: 4c95 7fff | 4881 c410 | 0200 005d 

  0x00000264cf198b3c: ;   {poll_return}
  0x00000264cf198b3c: 493b a748 | 0300 000f | 87e5 0b00 | 00c3 4c8b | c04c 8bcf | 488b d666 | 9048 b8ff | ffff ffff 
  0x00000264cf198b5c: ;   {virtual_call}
  0x00000264cf198b5c: ffff ffe8 

  0x00000264cf198b60: ; ImmutableOopMap {}
                      ;*invokeinterface getBean {reexecute=0 rethrow=0 return_oop=0}
                      ; - org.springframework.beans.factory.support.AbstractBeanFactory::doGetBean@177 (line 278)
  0x00000264cf198b60: 1c95 7fff | 4881 c410 | 0200 005d 

  0x00000264cf198b6c: ;   {poll_return}
  0x00000264cf198b6c: 493b a748 | 0300 000f | 87cb 0b00 | 00c3 4883 | fe00 0f84 | 2a00 0000 

  0x00000264cf198b84: ;   {metadata('org/springframework/beans/factory/support/AbstractBeanFactory')}
  0x00000264cf198b84: 48ba d84d | 1581 6402 | 0000 448b | 4e08 49ba | 0000 0080 | 6402 0000 | 4d03 ca49 | 3b51 500f 
  0x00000264cf198ba4: 85b1 0b00 | 00e9 0000 | 0000 488b | d648 3b02 | 4c8b c04c | 8b8c 24d8 | 0000 008b | b424 d000 
  0x00000264cf198bc4: ;   {optimized virtual_call}
  0x00000264cf198bc4: 0000 90e8 

  0x00000264cf198bc8: ; ImmutableOopMap {}
                      ;*invokevirtual doGetBean {reexecute=0 rethrow=0 return_oop=0}
                      ; - org.springframework.beans.factory.support.AbstractBeanFactory::doGetBean@164 (line 274)
  0x00000264cf198bc8: 348f 7fff | 4881 c410 | 0200 005d 

  0x00000264cf198bd4: ;   {poll_return}
  0x00000264cf198bd4: 493b a748 | 0300 000f | 8787 0b00 | 00c3 488b | 9424 c000 | 0000 8bb2 | c000 0000 | 4c8b 8424 
  0x00000264cf198bf4: f000 0000 | 488b d666 | 9048 b8ff | ffff ffff 

  0x00000264cf198c04: ;   {virtual_call}
  0x00000264cf198c04: ffff ffe8 

  0x00000264cf198c08: ; ImmutableOopMap {[224]=Oop [216]=Oop [192]=Oop [336]=Oop }
                      ;*invokeinterface remove {reexecute=0 rethrow=0 return_oop=0}
                      ; - org.springframework.beans.factory.support.DefaultListableBeanFactory::clearMergedBeanDefinition@10 (line 911)
                      ; - org.springframework.beans.factory.support.AbstractBeanFactory::doGetBean@651 (line 386)
  0x00000264cf198c08: 7494 7fff | 488b 8424 | 5001 0000 | 4c8b 8424 | e000 0000 | 4c8b c848 | 8bbc 24d8 | 0000 0048 
  0x00000264cf198c28: 8b94 24c0 

  0x00000264cf198c2c: ;   {optimized virtual_call}
  0x00000264cf198c2c: 0000 00e8 

  0x00000264cf198c30: ; ImmutableOopMap {}
                      ;*invokevirtual adaptBeanInstance {reexecute=0 rethrow=0 return_oop=0}
                      ; - org.springframework.beans.factory.support.AbstractBeanFactory::doGetBean@736 (line 391)
  0x00000264cf198c30: ccc2 ffff | 4881 c410 | 0200 005d 

  0x00000264cf198c3c: ;   {poll_return}
  0x00000264cf198c3c: 493b a748 | 0300 000f | 8735 0b00 | 00c3 488b | d648 b8ff | ffff ffff 

  0x00000264cf198c54: ;   {virtual_call}
  0x00000264cf198c54: ffff ffe8 

  0x00000264cf198c58: ; ImmutableOopMap {[256]=Oop [240]=Oop [192]=Oop [384]=Oop [376]=Oop }
                      ;*invokeinterface getDescription {reexecute=0 rethrow=0 return_oop=0}
                      ; - org.springframework.beans.factory.support.AbstractBeanDefinition::getResourceDescription@11 (line 1152)
                      ; - org.springframework.beans.factory.support.AbstractBeanFactory::doGetBean@381 (line 315)
  0x00000264cf198c58: 2494 7fff | e90a 0000 

  0x00000264cf198c60: ;   {oop(NULL)}
  0x00000264cf198c60: 0048 b800 | 0000 0000 | 0000 0048 | 8984 2488 | 0100 000f | 1f44 0000 

  0x00000264cf198c78: ;   {no_reloc}
  0x00000264cf198c78: e926 0b00 | 0090 9090 | 9090 488b | 9424 f000 | 0000 4c8b | 8424 0001 | 0000 0f1f 

  0x00000264cf198c94: ;   {static_call}
  0x00000264cf198c94: 4400 00e8 

  0x00000264cf198c98: ; ImmutableOopMap {[240]=Oop [192]=Oop [392]=Oop [384]=Oop [376]=Oop }
                      ;*invokedynamic {reexecute=0 rethrow=0 return_oop=0}
                      ; - org.springframework.beans.factory.support.AbstractBeanFactory::doGetBean@390 (line 315)
  0x00000264cf198c98: 6499 7fff | 4c8b 8424 | 8801 0000 | 4c8b 8c24 | f000 0000 | 488b f848 | 8bb4 2478 | 0100 0048 
  0x00000264cf198cb8: 8b94 2480 

  0x00000264cf198cbc: ;   {optimized virtual_call}
  0x00000264cf198cbc: 0100 00e8 

  0x00000264cf198cc0: ; ImmutableOopMap {[240]=Oop [192]=Oop [384]=Oop }
                      ;*invokespecial <init> {reexecute=0 rethrow=0 return_oop=0}
                      ; - org.springframework.beans.factory.support.AbstractBeanFactory::doGetBean@397 (line 315)
  0x00000264cf198cc0: 3c8e 7fff | 488b 8424 

  0x00000264cf198cc8: ; ImmutableOopMap {[240]=Oop [192]=Oop rax=Oop }
                      ;*athrow {reexecute=1 rethrow=0 return_oop=0}
                      ; - (reexecute) org.springframework.beans.factory.support.AbstractBeanFactory::doGetBean@400 (line 315)
  0x00000264cf198cc8: 8001 0000 

  0x00000264cf198ccc: ;   {section_word}
  0x00000264cf198ccc: 48ba cc8c | 19cf 6402 

  0x00000264cf198cd4: ;   {runtime_call handle_exception_nofpu Runtime1 stub}
  0x00000264cf198cd4: 0000 e825 | d189 ff90 | 488b d666 | 0f1f 4400 | 0048 b8ff | ffff ffff 

  0x00000264cf198cec: ;   {virtual_call}
  0x00000264cf198cec: ffff ffe8 

  0x00000264cf198cf0: ; ImmutableOopMap {[240]=Oop [192]=Oop [256]=Oop [400]=Oop }
                      ;*invokeinterface getDescription {reexecute=0 rethrow=0 return_oop=0}
                      ; - org.springframework.beans.factory.support.AbstractBeanDefinition::getResourceDescription@11 (line 1152)
                      ; - org.springframework.beans.factory.support.AbstractBeanFactory::doGetBean@337 (line 307)
  0x00000264cf198cf0: 8c93 7fff | e90a 0000 

  0x00000264cf198cf8: ;   {oop(NULL)}
  0x00000264cf198cf8: 0048 b800 | 0000 0000 | 0000 0048 | 8984 2498 | 0100 000f | 1f44 0000 

  0x00000264cf198d10: ;   {no_reloc}
  0x00000264cf198d10: e9a7 0a00 | 0090 9090 | 9090 488b | 9424 f000 | 0000 4c8b | 8424 0001 | 0000 0f1f 

  0x00000264cf198d2c: ;   {static_call}
  0x00000264cf198d2c: 4400 00e8 

  0x00000264cf198d30: ; ImmutableOopMap {[240]=Oop [192]=Oop [400]=Oop [408]=Oop }
                      ;*invokedynamic {reexecute=0 rethrow=0 return_oop=0}
                      ; - org.springframework.beans.factory.support.AbstractBeanFactory::doGetBean@346 (line 307)
  0x00000264cf198d30: cc98 7fff | 4c8b 8424 | 9801 0000 | 4c8b 8c24 | f000 0000 | 488b f848 | 8b94 2490 

  0x00000264cf198d4c: ;   {optimized virtual_call}
  0x00000264cf198d4c: 0100 00e8 

  0x00000264cf198d50: ; ImmutableOopMap {[240]=Oop [192]=Oop [400]=Oop }
                      ;*invokespecial <init> {reexecute=0 rethrow=0 return_oop=0}
                      ; - org.springframework.beans.factory.support.AbstractBeanFactory::doGetBean@351 (line 307)
  0x00000264cf198d50: ac8d 7fff | 488b 8424 

  0x00000264cf198d58: ; ImmutableOopMap {[240]=Oop [192]=Oop rax=Oop }
                      ;*athrow {reexecute=1 rethrow=0 return_oop=0}
                      ; - (reexecute) org.springframework.beans.factory.support.AbstractBeanFactory::doGetBean@354 (line 307)
  0x00000264cf198d58: 9001 0000 

  0x00000264cf198d5c: ;   {section_word}
  0x00000264cf198d5c: 48ba 5c8d | 19cf 6402 

  0x00000264cf198d64: ;   {runtime_call handle_exception_nofpu Runtime1 stub}
  0x00000264cf198d64: 0000 e895 | d089 ff90 

  0x00000264cf198d6c: ;   {metadata('java/lang/IllegalStateException')}
  0x00000264cf198d6c: 48ba 9024 | 0481 6402 | 0000 498b | 8708 0100 | 0048 8d78 | 2849 3bbf | 1801 0000 | 0f87 380a 
  0x00000264cf198d8c: 0000 4989 | bf08 0100 | 0048 c700 | 0100 0000 | 488b ca49 | ba00 0000 | 8064 0200 | 0049 2bca 
  0x00000264cf198dac: 8948 0848 | 33c9 8948 | 0c48 33c9 | 4889 4810 | 4889 4818 | 4889 4820 | 0f1f 4000 

  0x00000264cf198dc8: ;   {no_reloc}
  0x00000264cf198dc8: e915 0a00 | 0090 9090 | 9090 488b | 9424 3801 | 0000 4889 | 8424 a001 | 0000 0f1f 

  0x00000264cf198de4: ;   {static_call}
  0x00000264cf198de4: 4400 00e8 

  0x00000264cf198de8: ; ImmutableOopMap {[240]=Oop [192]=Oop [416]=Oop }
                      ;*invokedynamic {reexecute=0 rethrow=0 return_oop=0}
                      ; - org.springframework.beans.factory.support.AbstractBeanFactory::doGetBean@571 (line 358)
  0x00000264cf198de8: 1498 7fff | 4c8b c048 | 8b94 24a0 

  0x00000264cf198df4: ;   {optimized virtual_call}
  0x00000264cf198df4: 0100 00e8 

  0x00000264cf198df8: ; ImmutableOopMap {[240]=Oop [192]=Oop [416]=Oop }
                      ;*invokespecial <init> {reexecute=0 rethrow=0 return_oop=0}
                      ; - org.springframework.beans.factory.support.AbstractBeanFactory::doGetBean@576 (line 358)
  0x00000264cf198df8: 048d 7fff | 488b 8424 

  0x00000264cf198e00: ; ImmutableOopMap {[240]=Oop [192]=Oop rax=Oop }
                      ;*athrow {reexecute=1 rethrow=0 return_oop=0}
                      ; - (reexecute) org.springframework.beans.factory.support.AbstractBeanFactory::doGetBean@579 (line 358)
  0x00000264cf198e00: a001 0000 

  0x00000264cf198e04: ;   {section_word}
  0x00000264cf198e04: 48ba 048e | 19cf 6402 

  0x00000264cf198e0c: ;   {runtime_call handle_exception_nofpu Runtime1 stub}
  0x00000264cf198e0c: 0000 e8ed | cf89 ff90 

  0x00000264cf198e14: ;   {metadata('java/lang/IllegalStateException')}
  0x00000264cf198e14: 48ba 9024 | 0481 6402 | 0000 498b | 8708 0100 | 0048 8d78 | 2849 3bbf | 1801 0000 | 0f87 b609 
  0x00000264cf198e34: 0000 4989 | bf08 0100 | 0048 c700 | 0100 0000 | 488b ca49 | ba00 0000 | 8064 0200 | 0049 2bca 
  0x00000264cf198e54: 8948 0848 | 33c9 8948 | 0c48 33c9 | 4889 4810 | 4889 4818 | 4889 4820 | 0f1f 4000 

  0x00000264cf198e70: ;   {no_reloc}
  0x00000264cf198e70: e993 0900 | 0090 9090 | 9090 488b | 9424 f000 | 0000 4889 | 8424 a801 | 0000 0f1f 

  0x00000264cf198e8c: ;   {static_call}
  0x00000264cf198e8c: 4400 00e8 

  0x00000264cf198e90: ; ImmutableOopMap {[240]=Oop [192]=Oop [424]=Oop }
                      ;*invokedynamic {reexecute=0 rethrow=0 return_oop=0}
                      ; - org.springframework.beans.factory.support.AbstractBeanFactory::doGetBean@535 (line 354)
  0x00000264cf198e90: 6c97 7fff | 4c8b c048 | 8b94 24a8 

  0x00000264cf198e9c: ;   {optimized virtual_call}
  0x00000264cf198e9c: 0100 00e8 

  0x00000264cf198ea0: ; ImmutableOopMap {[240]=Oop [192]=Oop [424]=Oop }
                      ;*invokespecial <init> {reexecute=0 rethrow=0 return_oop=0}
                      ; - org.springframework.beans.factory.support.AbstractBeanFactory::doGetBean@540 (line 354)
  0x00000264cf198ea0: 5c8c 7fff | 488b 8424 

  0x00000264cf198ea8: ; ImmutableOopMap {[240]=Oop [192]=Oop rax=Oop }
                      ;*athrow {reexecute=1 rethrow=0 return_oop=0}
                      ; - (reexecute) org.springframework.beans.factory.support.AbstractBeanFactory::doGetBean@543 (line 354)
  0x00000264cf198ea8: a801 0000 

  0x00000264cf198eac: ;   {section_word}
  0x00000264cf198eac: 48ba ac8e | 19cf 6402 

  0x00000264cf198eb4: ;   {runtime_call handle_exception_nofpu Runtime1 stub}
  0x00000264cf198eb4: 0000 e845 | cf89 ff90 

  0x00000264cf198ebc: ;   {metadata('org/springframework/beans/factory/BeanIsAbstractException')}
  0x00000264cf198ebc: 48ba 289f | 1581 6402 | 0000 80ba | 3301 0000 | 040f 8544 | 0900 0049 | 8b87 0801 | 0000 488d 
  0x00000264cf198edc: 7830 493b | bf18 0100 | 000f 872c | 0900 0049 | 89bf 0801 | 0000 48c7 | 0001 0000 | 0048 8bca 
  0x00000264cf198efc: 49ba 0000 | 0080 6402 | 0000 492b | ca89 4808 | 4833 c989 | 480c 4833 | c948 8948 | 1048 8948 
  0x00000264cf198f1c: 1848 8948 | 2048 8948 | 284c 8b84 | 24f0 0000 | 0048 8bd0 | 4889 8424 | b001 0000 | 0f1f 8000 
  0x00000264cf198f3c: ;   {optimized virtual_call}
  0x00000264cf198f3c: 0000 00e8 

  0x00000264cf198f40: ; ImmutableOopMap {[240]=Oop [192]=Oop [224]=Oop [216]=Oop [432]=Oop [280]=Oop [200]=Oop }
                      ;*invokespecial <init> {reexecute=0 rethrow=0 return_oop=0}
                      ; - org.springframework.beans.factory.support.AbstractBeanFactory::checkMergedBeanDefinition@12 (line 1455)
                      ; - org.springframework.beans.factory.support.AbstractBeanFactory::doGetBean@279 (line 300)
  0x00000264cf198f40: bc8b 7fff | 488b 8424 

  0x00000264cf198f48: ; ImmutableOopMap {[240]=Oop [192]=Oop [224]=Oop [216]=Oop [280]=Oop [200]=Oop rax=Oop }
                      ;*athrow {reexecute=1 rethrow=0 return_oop=0}
                      ; - (reexecute) org.springframework.beans.factory.support.AbstractBeanFactory::checkMergedBeanDefinition@15 (line 1455)
                      ; - org.springframework.beans.factory.support.AbstractBeanFactory::doGetBean@279 (line 300)
  0x00000264cf198f48: b001 0000 

  0x00000264cf198f4c: ;   {section_word}
  0x00000264cf198f4c: 48ba 4c8f | 19cf 6402 

  0x00000264cf198f54: ;   {runtime_call handle_exception_nofpu Runtime1 stub}
  0x00000264cf198f54: 0000 e8a5 | ce89 ff90 

  0x00000264cf198f5c: ;   {metadata('java/lang/NullPointerException')}
  0x00000264cf198f5c: 48ba 401a | 0680 6402 | 0000 498b | 8708 0100 | 0048 8d78 | 3049 3bbf | 1801 0000 | 0f87 a608 
  0x00000264cf198f7c: 0000 4989 | bf08 0100 | 0048 c700 | 0100 0000 | 488b ca49 | ba00 0000 | 8064 0200 | 0049 2bca 
  0x00000264cf198f9c: 8948 0848 | 33c9 8948 | 0c48 33c9 | 4889 4810 | 4889 4818 | 4889 4820 | 4889 4828 | 488b d048 
  0x00000264cf198fbc: 8984 24b8 | 0100 000f 

  0x00000264cf198fc4: ;   {optimized virtual_call}
  0x00000264cf198fc4: 1f40 00e8 

  0x00000264cf198fc8: ; ImmutableOopMap {[240]=Oop [192]=Oop [200]=Oop [216]=Oop [224]=Oop [440]=Oop }
                      ;*invokespecial <init> {reexecute=0 rethrow=0 return_oop=0}
                      ; - java.util.Objects::requireNonNull@8 (line 209)
                      ; - org.springframework.beans.factory.support.AbstractBeanFactory::doGetBean@250 (line 297)
  0x00000264cf198fc8: 348b 7fff | 488b 8424 

  0x00000264cf198fd0: ; ImmutableOopMap {[240]=Oop [192]=Oop [200]=Oop [216]=Oop [224]=Oop rax=Oop }
                      ;*athrow {reexecute=1 rethrow=0 return_oop=0}
                      ; - (reexecute) java.util.Objects::requireNonNull@11 (line 209)
                      ; - org.springframework.beans.factory.support.AbstractBeanFactory::doGetBean@250 (line 297)
  0x00000264cf198fd0: b801 0000 

  0x00000264cf198fd4: ;   {section_word}
  0x00000264cf198fd4: 48ba d48f | 19cf 6402 

  0x00000264cf198fdc: ;   {runtime_call handle_exception_nofpu Runtime1 stub}
  0x00000264cf198fdc: 0000 e81d | ce89 ff90 | 4889 8424 | f000 0000 

  0x00000264cf198fec: ;   {metadata('java/lang/IllegalArgumentException')}
  0x00000264cf198fec: 48ba 8015 | 0680 6402 | 0000 498b | 8708 0100 | 0048 8d78 | 2849 3bbf | 1801 0000 | 0f87 2308 
  0x00000264cf19900c: 0000 4989 | bf08 0100 | 0048 c700 | 0100 0000 | 488b ca49 | ba00 0000 | 8064 0200 | 0049 2bca 
  0x00000264cf19902c: 8948 0848 | 33c9 8948 | 0c48 33c9 | 4889 4810 | 4889 4818 | 4889 4820 

  0x00000264cf199044: ;   {oop("Bean name must not be null"{0x00000000854a3a40})}
  0x00000264cf199044: 49b8 403a | 4a85 0000 | 0000 488b | d048 8984 | 24c0 0100 | 0066 0f1f 

  0x00000264cf19905c: ;   {optimized virtual_call}
  0x00000264cf19905c: 4400 00e8 

  0x00000264cf199060: ; ImmutableOopMap {[240]=Oop [192]=Oop [224]=Oop [216]=Oop [200]=Oop [248]=Oop [448]=Oop }
                      ;*invokespecial <init> {reexecute=0 rethrow=0 return_oop=0}
                      ; - org.springframework.util.Assert::notNull@9 (line 172)
                      ; - org.springframework.beans.factory.support.DefaultListableBeanFactory::containsBeanDefinition@3 (line 366)
                      ; - org.springframework.beans.factory.support.AbstractBeanFactory::doGetBean@128 (line 270)
  0x00000264cf199060: 9c8a 7fff | 488b 8424 | c001 0000 | e92f 0900 

  0x00000264cf199070: ;   {metadata('org/springframework/beans/factory/BeanCurrentlyInCreationException')}
  0x00000264cf199070: 0048 ba58 | 8b15 8164 | 0200 0080 | ba33 0100 | 0004 0f85 | bb07 0000 | 498b 8708 | 0100 0048 
  0x00000264cf199090: 8d78 3049 | 3bbf 1801 | 0000 0f87 | a307 0000 | 4989 bf08 | 0100 0048 | c700 0100 | 0000 488b 
  0x00000264cf1990b0: ca49 ba00 | 0000 8064 | 0200 0049 | 2bca 8948 | 0848 33c9 | 8948 0c48 | 33c9 4889 | 4810 4889 
  0x00000264cf1990d0: 4818 4889 | 4820 4889 | 4828 4c8b | 8424 f000 | 0000 488b | d048 8984 | 24c8 0100 

  0x00000264cf1990ec: ;   {optimized virtual_call}
  0x00000264cf1990ec: 0066 90e8 

  0x00000264cf1990f0: ; ImmutableOopMap {[456]=Oop }
                      ;*invokespecial <init> {reexecute=0 rethrow=0 return_oop=0}
                      ; - org.springframework.beans.factory.support.AbstractBeanFactory::doGetBean@110 (line 265)
  0x00000264cf1990f0: 0c8a 7fff | 488b 8424 | c801 0000 | e99f 0800 | 0049 8b87 | d803 0000 | 4d33 d24d | 8997 d803 
  0x00000264cf199110: 0000 4d33 | d24d 8997 | e003 0000 

  0x00000264cf19911c: ;   {metadata('org/springframework/beans/factory/support/ScopeNotActiveException')}
  0x00000264cf19911c: 488b d848 | ba48 ab15 | 8164 0200 | 0080 ba33 | 0100 0004 | 0f85 1f07 | 0000 498b | 8708 0100 
  0x00000264cf19913c: 0048 8d78 | 3049 3bbf | 1801 0000 | 0f87 0707 | 0000 4989 | bf08 0100 | 0048 c700 | 0100 0000 
  0x00000264cf19915c: 488b ca49 | ba00 0000 | 8064 0200 | 0049 2bca | 8948 0848 | 33c9 8948 | 0c48 33c9 | 4889 4810 
  0x00000264cf19917c: 4889 4818 | 4889 4820 | 4889 4828 | 4c8b 8424 | f000 0000 | 488b fb48 | 8bd0 4889 | 8424 d001 
  0x00000264cf19919c: ;   {optimized virtual_call}
  0x00000264cf19919c: 0000 90e8 

  0x00000264cf1991a0: ; ImmutableOopMap {[192]=Oop [240]=Oop [464]=Oop }
                      ;*invokespecial <init> {reexecute=0 rethrow=0 return_oop=0}
                      ; - org.springframework.beans.factory.support.AbstractBeanFactory::doGetBean@630 (line 373)
  0x00000264cf1991a0: 5c89 7fff | 488b 8424 

  0x00000264cf1991a8: ; ImmutableOopMap {[192]=Oop [240]=Oop rax=Oop }
                      ;*athrow {reexecute=1 rethrow=0 return_oop=0}
                      ; - (reexecute) org.springframework.beans.factory.support.AbstractBeanFactory::doGetBean@633 (line 373)
  0x00000264cf1991a8: d001 0000 

  0x00000264cf1991ac: ;   {section_word}
  0x00000264cf1991ac: 48ba ac91 | 19cf 6402 

  0x00000264cf1991b4: ;   {runtime_call handle_exception_nofpu Runtime1 stub}
  0x00000264cf1991b4: 0000 e845 | cc89 ff90 | 498b 87d8 | 0300 004d | 33d2 4d89 | 97d8 0300 | 004d 33d2 | 4d89 97e0 
  0x00000264cf1991d4: 0300 004c | 8b84 24f0 | 0000 0048 | 8b94 24c0 | 0000 0048 | 8984 24d8 

  0x00000264cf1991ec: ;   {optimized virtual_call}
  0x00000264cf1991ec: 0100 00e8 

  0x00000264cf1991f0: ; ImmutableOopMap {[192]=Oop [240]=Oop [472]=Oop }
                      ;*invokevirtual afterPrototypeCreation {reexecute=0 rethrow=0 return_oop=0}
                      ; - org.springframework.beans.factory.support.AbstractBeanFactory::doGetBean@492 (line 346)
  0x00000264cf1991f0: 0c89 7fff | 488b 8424 

  0x00000264cf1991f8: ; ImmutableOopMap {[192]=Oop [240]=Oop rax=Oop }
                      ;*athrow {reexecute=1 rethrow=0 return_oop=0}
                      ; - (reexecute) org.springframework.beans.factory.support.AbstractBeanFactory::doGetBean@497 (line 347)
  0x00000264cf1991f8: d801 0000 

  0x00000264cf1991fc: ;   {section_word}
  0x00000264cf1991fc: 48ba fc91 | 19cf 6402 

  0x00000264cf199204: ;   {runtime_call handle_exception_nofpu Runtime1 stub}
  0x00000264cf199204: 0000 e8f5 | cb89 ff90 | 448b 9c24 | 0801 0000 | 488b 9c24 | 1001 0000 | 488b bc24 | c800 0000 
  0x00000264cf199224: 4c8b 8c24 | d800 0000 | 4c8b 8424 | e000 0000 | 498b 87d8 | 0300 004d | 33d2 4d89 | 97d8 0300 
  0x00000264cf199244: 004d 33d2 | 4d89 97e0 | 0300 0048 | 8bd0 488d | 8424 f801 | 0000 4c8b | 304d 85f6 | 0f84 0f00 
  0x00000264cf199264: 0000 488b | 7008 f04c | 0fb1 360f | 85ed 0500 

  0x00000264cf199274: ; ImmutableOopMap {[192]=Oop [240]=Oop [280]=Oop r13=Oop r8=Oop [224]=Oop rdi=Oop [200]=Oop r9=Oop [216]=Oop rbx=Oop [272]=Oop rax=Oop }
                      ;*athrow {reexecute=1 rethrow=0 return_oop=0}
                      ; - (reexecute) org.springframework.beans.factory.support.DefaultSingletonBeanRegistry::isDependent@23 (line 441)
                      ; - org.springframework.beans.factory.support.AbstractBeanFactory::doGetBean@325 (line 306)
  0x00000264cf199274: 0048 8bc2 

  0x00000264cf199278: ;   {section_word}
  0x00000264cf199278: 48ba 7892 | 19cf 6402 

  0x00000264cf199280: ;   {runtime_call handle_exception_nofpu Runtime1 stub}
  0x00000264cf199280: 0000 e879 | cb89 ff90 | 498b 87d8 | 0300 004d | 33d2 4d89 | 97d8 0300 | 004d 33d2 | 4d89 97e0 
  0x00000264cf1992a0: 0300 008b | 5008 49ba | 0000 0080 | 6402 0000 | 4903 d248 | 8b52 7048 | 8b12 483b | 0248 8984 
  0x00000264cf1992c0: 24e0 0100 

  0x00000264cf1992c4: ;   {optimized virtual_call}
  0x00000264cf1992c4: 0066 90e8 

  0x00000264cf1992c8: ; ImmutableOopMap {[192]=Oop [240]=Oop [480]=Oop }
                      ;*invokevirtual toString {reexecute=0 rethrow=0 return_oop=0}
                      ; - org.springframework.beans.factory.support.AbstractBeanFactory::doGetBean@669 (line 378)
  0x00000264cf1992c8: 290b 0000 | 488b 9424 | e001 0000 | 9048 b870 | 3fc6 df64 

  0x00000264cf1992dc: ;   {virtual_call}
  0x00000264cf1992dc: 0200 00e8 

  0x00000264cf1992e0: ; ImmutableOopMap {[192]=Oop [240]=Oop [480]=Oop }
                      ;*invokevirtual getMessage {reexecute=0 rethrow=0 return_oop=0}
                      ; - org.springframework.beans.factory.support.AbstractBeanFactory::doGetBean@685 (line 379)
  0x00000264cf1992e0: 40d9 7fff | 4883 f800 | 0f85 0f00 

  0x00000264cf1992ec: ;   {oop("null"{0x0000000084e26d68})}
  0x00000264cf1992ec: 0000 48b8 | 686d e284 | 0000 0000 | e903 0000 | 0048 3b00 | 488b 9424 | c000 0000 | 8b72 784c 
  0x00000264cf19930c: 8d84 24f8 | 0100 0049 | 8970 0848 | 8b06 4883 | c801 4989 | 00f0 4c0f | b106 0f84 | 1300 0000 
  0x00000264cf19932c: 482b c448 | 81e0 07f0 | ffff 4989 | 000f 8548 | 0500 008b | 7a7c 4c8b | 8424 f000 | 0000 488b 
  0x00000264cf19934c: d748 89b4 | 24e8 0100 | 0048 b8d8 | 531d 8064 

  0x00000264cf19935c: ;   {virtual_call}
  0x00000264cf19935c: 0200 00e8 

  0x00000264cf199360: ; ImmutableOopMap {[240]=Oop [480]=Oop [192]=Oop [488]=Oop [512]=Oop }
                      ;*invokeinterface remove {reexecute=0 rethrow=0 return_oop=0}
                      ; - org.springframework.beans.factory.support.AbstractBeanFactory::cleanupAfterBeanCreationFailure@12 (line 1730)
                      ; - org.springframework.beans.factory.support.AbstractBeanFactory::doGetBean@700 (line 380)
  0x00000264cf199360: dcfb b4ff | 488d 8424 | f801 0000 | 488b 1048 | 85d2 0f84 | 0f00 0000 | 4c8b 4008 | f049 0fb1 
  0x00000264cf199380: 100f 8513 | 0500 0048 | 8b84 24e0 

  0x00000264cf19938c: ; ImmutableOopMap {[240]=Oop [480]=Oop [192]=Oop rax=Oop }
                      ;*athrow {reexecute=1 rethrow=0 return_oop=0}
                      ; - (reexecute) org.springframework.beans.factory.support.AbstractBeanFactory::doGetBean@705 (line 381)
                      ;   {section_word}
  0x00000264cf19938c: 0100 0048 | ba8f 9319 | cf64 0200 

  0x00000264cf199398: ;   {runtime_call handle_exception_nofpu Runtime1 stub}
  0x00000264cf199398: 00e8 62ca | 89ff 9049 | 8b87 d803 | 0000 4d33 | d24d 8997 | d803 0000 | 4d33 d24d | 8997 e003 
  0x00000264cf1993b8: 0000 488b | d048 8d84 | 24f8 0100 | 0048 8b30 | 4885 f60f | 840f 0000 | 0048 8b78 | 08f0 480f 
  0x00000264cf1993d8: b137 0f85 | d004 0000 

  0x00000264cf1993e0: ; ImmutableOopMap {[240]=Oop [192]=Oop r8=Oop rax=Oop }
                      ;*athrow {reexecute=1 rethrow=0 return_oop=0}
                      ; - (reexecute) org.springframework.beans.factory.support.AbstractBeanFactory::cleanupAfterBeanCreationFailure@27 (line 1731)
                      ; - org.springframework.beans.factory.support.AbstractBeanFactory::doGetBean@700 (line 380)
                      ;   {section_word}
  0x00000264cf1993e0: 488b c248 | bae3 9319 | cf64 0200 

  0x00000264cf1993ec: ;   {runtime_call handle_exception_nofpu Runtime1 stub}
  0x00000264cf1993ec: 00e8 0eca | 89ff 9048 | 8b94 24c0 | 0000 0049 | 8b87 d803 | 0000 4d33 | d24d 8997 | d803 0000 
  0x00000264cf19940c: 4d33 d24d | 8997 e003 | 0000 440f | be42 1541 | 83e0 0141 | 83f8 000f | 85ab 0000 | 0048 8984 
  0x00000264cf19942c: 24f0 0100 | 008b 7278 | 4c8b 8424 | f000 0000 | 488b d666 | 0f1f 4400 | 0048 b8ff | ffff ffff 
  0x00000264cf19944c: ;   {virtual_call}
  0x00000264cf19944c: ffff ffe8 

  0x00000264cf199450: ; ImmutableOopMap {[240]=Oop [192]=Oop [496]=Oop }
                      ;*invokeinterface get {reexecute=0 rethrow=0 return_oop=0}
                      ; - org.springframework.beans.factory.support.AbstractBeanFactory::clearMergedBeanDefinition@5 (line 1465)
                      ; - org.springframework.beans.factory.support.DefaultListableBeanFactory::clearMergedBeanDefinition@2 (line 910)
                      ; - org.springframework.beans.factory.support.AbstractBeanFactory::doGetBean@725 (line 386)
  0x00000264cf199450: 2c8c 7fff | 4883 f800 | 0f84 2900 

  0x00000264cf19945c: ;   {metadata('org/springframework/beans/factory/support/RootBeanDefinition')}
  0x00000264cf19945c: 0000 48bf | 80dd 1581 | 6402 0000 | 8b70 0849 | ba00 0000 | 8064 0200 | 0049 03f2 | 483b 7e50 
  0x00000264cf19947c: 0f85 4404 | 0000 e900 | 0000 004c | 8bc0 4983 | f800 0f84 | 0f00 0000 | ba01 0000 | 0041 8850 
  0x00000264cf19949c: 64f0 8344 | 24c0 0048 | 8b84 24f0 | 0000 0048 | 8b94 24c0 | 0000 008b | 92c0 0000 | 004c 8bc0 
  0x00000264cf1994bc: 9048 b8ff | ffff ffff 

  0x00000264cf1994c4: ;   {virtual_call}
  0x00000264cf1994c4: ffff ffe8 

  0x00000264cf1994c8: ; ImmutableOopMap {[496]=Oop }
                      ;*invokeinterface remove {reexecute=0 rethrow=0 return_oop=0}
                      ; - org.springframework.beans.factory.support.DefaultListableBeanFactory::clearMergedBeanDefinition@10 (line 911)
                      ; - org.springframework.beans.factory.support.AbstractBeanFactory::doGetBean@725 (line 386)
  0x00000264cf1994c8: b48b 7fff | 488b 8424 | f001 0000 | e9c7 0400 | 0048 8904 

  0x00000264cf1994dc: ;   {runtime_call throw_class_cast_exception Runtime1 stub}
  0x00000264cf1994dc: 24e8 3ed6 

  0x00000264cf1994e0: ; ImmutableOopMap {[216]=Oop [200]=Oop [224]=Oop [232]=Oop [192]=Oop }
                      ;*checkcast {reexecute=0 rethrow=0 return_oop=0}
                      ; - org.springframework.core.SimpleAliasRegistry::canonicalName@12 (line 215)
                      ; - org.springframework.beans.factory.support.AbstractBeanFactory::transformedBeanName@5 (line 1234)
                      ; - org.springframework.beans.factory.support.AbstractBeanFactory::doGetBean@2 (line 243)
                      ;   {runtime_call throw_incompatible_class_change_error Runtime1 stub}
  0x00000264cf1994e0: 89ff e839 

  0x00000264cf1994e4: ; ImmutableOopMap {[224]=Oop [200]=Oop [240]=Oop rdx=Oop [192]=Oop r9=Oop [216]=Oop r8=Oop }
                      ;*invokeinterface start {reexecute=0 rethrow=0 return_oop=0}
                      ; - org.springframework.beans.factory.support.AbstractBeanFactory::doGetBean@225 (line 293)
                      ;   {runtime_call throw_null_pointer_exception Runtime1 stub}
  0x00000264cf1994e4: d989 ffe8 

  0x00000264cf1994e8: ; ImmutableOopMap {[224]=Oop [200]=Oop [240]=Oop rdx=Oop [192]=Oop r9=Oop [216]=Oop }
                      ;*invokeinterface start {reexecute=0 rethrow=0 return_oop=0}
                      ; - org.springframework.beans.factory.support.AbstractBeanFactory::doGetBean@225 (line 293)
  0x00000264cf1994e8: 34aa 89ff 

  0x00000264cf1994ec: ; implicit exception: dispatches to 0x00000264cf1998d4
  0x00000264cf1994ec: 448b 400c | 4983 f800 | 0f84 29ea | ffff 4c89 

  0x00000264cf1994fc: ;   {runtime_call g1_pre_barrier_slow}
  0x00000264cf1994fc: 0424 e87d | 138a ffe9 | 1bea ffff 

  0x00000264cf199508: ;   {runtime_call throw_null_pointer_exception Runtime1 stub}
  0x00000264cf199508: e813 aa89 

  0x00000264cf19950c: ; ImmutableOopMap {[224]=Oop [200]=Oop [240]=Oop [192]=Oop rax=Oop r9=Oop [216]=Oop }
                      ;*invokestatic linkToSpecial {reexecute=0 rethrow=0 return_oop=0}
                      ; - java.lang.invoke.DirectMethodHandle$Holder::newInvokeSpecial@16
                      ; - java.lang.invoke.Invokers$Holder::linkToTargetMethod@5
                      ; - org.springframework.beans.factory.support.AbstractBeanFactory::doGetBean@254 (line 297)
  0x00000264cf19950c: ff49 83f9 | 000f 842f | eaff ff48 

  0x00000264cf199518: ;   {runtime_call g1_post_barrier_slow}
  0x00000264cf199518: 8904 24e8 | 6017 8aff | e921 eaff 

  0x00000264cf199524: ;   {runtime_call throw_null_pointer_exception Runtime1 stub}
  0x00000264cf199524: ffe8 f6a9 

  0x00000264cf199528: ; ImmutableOopMap {[224]=Oop [200]=Oop [240]=Oop [192]=Oop [216]=Oop rax=Oop [280]=Oop }
                      ;*invokevirtual isAbstract {reexecute=0 rethrow=0 return_oop=0}
                      ; - org.springframework.beans.factory.support.AbstractBeanFactory::checkMergedBeanDefinition@1 (line 1454)
                      ; - org.springframework.beans.factory.support.AbstractBeanFactory::doGetBean@279 (line 300)
                      ;   {runtime_call throw_null_pointer_exception Runtime1 stub}
  0x00000264cf199528: 89ff e8f1 

  0x00000264cf19952c: ; ImmutableOopMap {[224]=Oop [200]=Oop [240]=Oop [192]=Oop [216]=Oop rax=Oop [280]=Oop rsi=Oop [272]=Oop }
                      ;*arraylength {reexecute=0 rethrow=0 return_oop=0}
                      ; - org.springframework.beans.factory.support.AbstractBeanFactory::doGetBean@300 (line 305)
                      ;   {runtime_call throw_null_pointer_exception Runtime1 stub}
  0x00000264cf19952c: a989 ffe8 

  0x00000264cf199530: ; ImmutableOopMap {[224]=Oop [200]=Oop [216]=Oop rsi=Oop [272]=Oop rdx=Oop [192]=Oop [280]=Oop r13=Oop r14=Oop rdi=Oop }
                      ;*monitorenter {reexecute=0 rethrow=0 return_oop=0}
                      ; - org.springframework.beans.factory.support.DefaultSingletonBeanRegistry::isDependent@6 (line 439)
                      ; - org.springframework.beans.factory.support.AbstractBeanFactory::doGetBean@325 (line 306)
  0x00000264cf199530: eca9 89ff | 4c89 7424 | 084c 8904 

  0x00000264cf19953c: ;   {runtime_call monitorenter_nofpu Runtime1 stub}
  0x00000264cf19953c: 24e8 3ee2 

  0x00000264cf199540: ; ImmutableOopMap {[224]=Oop [200]=Oop [216]=Oop rsi=Oop [272]=Oop rdx=Oop [192]=Oop [280]=Oop r13=Oop r14=Oop rdi=Oop [512]=Oop }
                      ;*monitorenter {reexecute=0 rethrow=0 return_oop=0}
                      ; - org.springframework.beans.factory.support.DefaultSingletonBeanRegistry::isDependent@6 (line 439)
                      ; - org.springframework.beans.factory.support.AbstractBeanFactory::doGetBean@325 (line 306)
  0x00000264cf199540: 89ff e99c | eaff ff48 | 8d84 24f8 | 0100 0048 

  0x00000264cf199550: ;   {runtime_call monitorexit_nofpu Runtime1 stub}
  0x00000264cf199550: 8904 24e8 | a8e8 89ff | e9ed eaff | ff44 8b40 | 0c49 83f8 | 000f 8420 | ecff ff4c 

  0x00000264cf19956c: ;   {runtime_call g1_pre_barrier_slow}
  0x00000264cf19956c: 8904 24e8 | 0c13 8aff | e912 ecff 

  0x00000264cf199578: ;   {runtime_call throw_null_pointer_exception Runtime1 stub}
  0x00000264cf199578: ffe8 a2a9 

  0x00000264cf19957c: ; ImmutableOopMap {[224]=Oop [216]=Oop [240]=Oop [200]=Oop [280]=Oop rax=Oop rdx=Oop [192]=Oop }
                      ;*invokestatic linkToSpecial {reexecute=0 rethrow=0 return_oop=0}
                      ; - java.lang.invoke.LambdaForm$DMH/0x0000026481081000::newInvokeSpecial@24
                      ; - java.lang.invoke.Invokers$Holder::linkToTargetMethod@9
                      ; - org.springframework.beans.factory.support.AbstractBeanFactory::doGetBean@424 (line 323)
  0x00000264cf19957c: 89ff 4883 | fa00 0f84 | 26ec ffff | 4889 0424 

  0x00000264cf19958c: ;   {runtime_call g1_post_barrier_slow}
  0x00000264cf19958c: e8ef 168a | ffe9 18ec | ffff 448b | 4010 4983 | f800 0f84 | 19ec ffff | 4c89 0424 

  0x00000264cf1995a8: ;   {runtime_call g1_pre_barrier_slow}
  0x00000264cf1995a8: e8d3 128a | ffe9 0bec | ffff 4883 | fe00 0f84 | 24ec ffff | 4889 0424 

  0x00000264cf1995c0: ;   {runtime_call g1_post_barrier_slow}
  0x00000264cf1995c0: e8bb 168a | ffe9 16ec | ffff 448b | 4014 4983 | f800 0f84 | 17ec ffff | 4c89 0424 

  0x00000264cf1995dc: ;   {runtime_call g1_pre_barrier_slow}
  0x00000264cf1995dc: e89f 128a | ffe9 09ec | ffff 4883 | ff00 0f84 | 22ec ffff | 4889 0424 

  0x00000264cf1995f4: ;   {runtime_call g1_post_barrier_slow}
  0x00000264cf1995f4: e887 168a | ffe9 14ec | ffff 448b | 4018 4983 | f800 0f84 | 15ec ffff | 4c89 0424 

  0x00000264cf199610: ;   {runtime_call g1_pre_barrier_slow}
  0x00000264cf199610: e86b 128a | ffe9 07ec | ffff 4883 | fb00 0f84 | 20ec ffff | 4889 0424 

  0x00000264cf199628: ;   {runtime_call g1_post_barrier_slow}
  0x00000264cf199628: e853 168a | ffe9 12ec 

  0x00000264cf199630: ;   {runtime_call throw_null_pointer_exception Runtime1 stub}
  0x00000264cf199630: ffff e8e9 

  0x00000264cf199634: ; ImmutableOopMap {[224]=Oop [216]=Oop [280]=Oop [240]=Oop rax=Oop rdx=Oop [192]=Oop rsi=Oop }
                      ;*invokevirtual get {reexecute=0 rethrow=0 return_oop=0}
                      ; - org.springframework.beans.factory.support.AbstractAutowireCapableBeanFactory::getObjectForBeanInstance@4 (line 1270)
                      ; - org.springframework.beans.factory.support.AbstractBeanFactory::doGetBean@442 (line 335)
  0x00000264cf199634: a889 ff48 

  0x00000264cf199638: ;   {runtime_call throw_class_cast_exception Runtime1 stub}
  0x00000264cf199638: 8904 24e8 

  0x00000264cf19963c: ; ImmutableOopMap {[224]=Oop [216]=Oop [280]=Oop [240]=Oop [192]=Oop [296]=Oop }
                      ;*checkcast {reexecute=0 rethrow=0 return_oop=0}
                      ; - org.springframework.beans.factory.support.AbstractAutowireCapableBeanFactory::getObjectForBeanInstance@7 (line 1270)
                      ; - org.springframework.beans.factory.support.AbstractBeanFactory::doGetBean@442 (line 335)
  0x00000264cf19963c: e0d4 89ff 

  0x00000264cf199640: ;   {runtime_call throw_null_pointer_exception Runtime1 stub}
  0x00000264cf199640: e8db a889 

  0x00000264cf199644: ; ImmutableOopMap {[224]=Oop [216]=Oop [240]=Oop [280]=Oop [304]=Oop rdx=Oop [192]=Oop rsi=Oop }
                      ;*invokevirtual get {reexecute=0 rethrow=0 return_oop=0}
                      ; - org.springframework.beans.factory.support.AbstractAutowireCapableBeanFactory::getObjectForBeanInstance@4 (line 1270)
                      ; - org.springframework.beans.factory.support.AbstractBeanFactory::doGetBean@506 (line 348)
  0x00000264cf199644: ff48 8904 

  0x00000264cf199648: ;   {runtime_call throw_class_cast_exception Runtime1 stub}
  0x00000264cf199648: 24e8 d2d4 

  0x00000264cf19964c: ; ImmutableOopMap {[224]=Oop [216]=Oop [240]=Oop [280]=Oop [304]=Oop [192]=Oop }
                      ;*checkcast {reexecute=0 rethrow=0 return_oop=0}
                      ; - org.springframework.beans.factory.support.AbstractAutowireCapableBeanFactory::getObjectForBeanInstance@7 (line 1270)
                      ; - org.springframework.beans.factory.support.AbstractBeanFactory::doGetBean@506 (line 348)
                      ;   {runtime_call throw_null_pointer_exception Runtime1 stub}
  0x00000264cf19964c: 89ff e8cd 

  0x00000264cf199650: ; ImmutableOopMap {[224]=Oop [216]=Oop [240]=Oop [192]=Oop rax=Oop [280]=Oop [200]=Oop rsi=Oop }
                      ;*invokevirtual isEmpty {reexecute=0 rethrow=0 return_oop=0}
                      ; - org.springframework.util.StringUtils::hasLength@5 (line 139)
                      ; - org.springframework.beans.factory.support.AbstractBeanFactory::doGetBean@523 (line 353)
                      ;   {runtime_call throw_null_pointer_exception Runtime1 stub}
  0x00000264cf199650: a889 ffe8 

  0x00000264cf199654: ; ImmutableOopMap {[224]=Oop [216]=Oop [240]=Oop [192]=Oop rax=Oop [280]=Oop [200]=Oop rsi=Oop }
                      ;*arraylength {reexecute=0 rethrow=0 return_oop=0}
                      ; - java.lang.String::isEmpty@4 (line 1494)
                      ; - org.springframework.util.StringUtils::hasLength@5 (line 139)
                      ; - org.springframework.beans.factory.support.AbstractBeanFactory::doGetBean@523 (line 353)
  0x00000264cf199654: c8a8 89ff | 4889 0424 

  0x00000264cf19965c: ;   {runtime_call throw_class_cast_exception Runtime1 stub}
  0x00000264cf19965c: e8bf d489 

  0x00000264cf199660: ; ImmutableOopMap {[224]=Oop [216]=Oop [240]=Oop [200]=Oop [312]=Oop [280]=Oop [192]=Oop }
                      ;*checkcast {reexecute=0 rethrow=0 return_oop=0}
                      ; - org.springframework.beans.factory.support.AbstractBeanFactory::doGetBean@555 (line 356)
  0x00000264cf199660: ff48 be00 | 0000 0000 | 0000 00b8 | 000f 050a 

  0x00000264cf199670: ;   {runtime_call load_appendix_patching Runtime1 stub}
  0x00000264cf199670: e88b 018a 

  0x00000264cf199674: ; ImmutableOopMap {[224]=Oop [216]=Oop [240]=Oop [200]=Oop [312]=Oop [280]=Oop rdx=Oop [192]=Oop [320]=Oop }
                      ;*invokedynamic {reexecute=1 rethrow=0 return_oop=0}
                      ; - (reexecute) org.springframework.beans.factory.support.AbstractBeanFactory::doGetBean@590 (line 361)
  0x00000264cf199674: ffe9 deee 

  0x00000264cf199678: ;   {runtime_call throw_null_pointer_exception Runtime1 stub}
  0x00000264cf199678: ffff e8a1 

  0x00000264cf19967c: ; ImmutableOopMap {[224]=Oop [216]=Oop [240]=Oop [312]=Oop [280]=Oop rax=Oop rdx=Oop [192]=Oop rsi=Oop }
                      ;*invokevirtual get {reexecute=0 rethrow=0 return_oop=0}
                      ; - org.springframework.beans.factory.support.AbstractAutowireCapableBeanFactory::getObjectForBeanInstance@4 (line 1270)
                      ; - org.springframework.beans.factory.support.AbstractBeanFactory::doGetBean@610 (line 370)
  0x00000264cf19967c: a889 ff48 

  0x00000264cf199680: ;   {runtime_call throw_class_cast_exception Runtime1 stub}
  0x00000264cf199680: 8904 24e8 

  0x00000264cf199684: ; ImmutableOopMap {[224]=Oop [216]=Oop [240]=Oop [312]=Oop [280]=Oop [328]=Oop [192]=Oop }
                      ;*checkcast {reexecute=0 rethrow=0 return_oop=0}
                      ; - org.springframework.beans.factory.support.AbstractAutowireCapableBeanFactory::getObjectForBeanInstance@7 (line 1270)
                      ; - org.springframework.beans.factory.support.AbstractBeanFactory::doGetBean@610 (line 370)
  0x00000264cf199684: 98d4 89ff | 4889 0424 

  0x00000264cf19968c: ;   {runtime_call throw_class_cast_exception Runtime1 stub}
  0x00000264cf19968c: e88f d489 

  0x00000264cf199690: ; ImmutableOopMap {[224]=Oop [216]=Oop [240]=Oop [192]=Oop [336]=Oop }
                      ;*checkcast {reexecute=0 rethrow=0 return_oop=0}
                      ; - org.springframework.beans.factory.support.AbstractBeanFactory::clearMergedBeanDefinition@10 (line 1465)
                      ; - org.springframework.beans.factory.support.DefaultListableBeanFactory::clearMergedBeanDefinition@2 (line 910)
                      ; - org.springframework.beans.factory.support.AbstractBeanFactory::doGetBean@651 (line 386)
                      ;   {runtime_call throw_null_pointer_exception Runtime1 stub}
  0x00000264cf199690: ffe8 8aa8 

  0x00000264cf199694: ; ImmutableOopMap {[224]=Oop [216]=Oop [240]=Oop [192]=Oop [336]=Oop }
                      ;*putfield stale {reexecute=1 rethrow=0 return_oop=0}
                      ; - (reexecute) org.springframework.beans.factory.support.AbstractBeanFactory::clearMergedBeanDefinition@20 (line 1467)
                      ; - org.springframework.beans.factory.support.DefaultListableBeanFactory::clearMergedBeanDefinition@2 (line 910)
                      ; - org.springframework.beans.factory.support.AbstractBeanFactory::doGetBean@651 (line 386)
                      ;   {runtime_call throw_null_pointer_exception Runtime1 stub}
  0x00000264cf199694: 89ff e885 

  0x00000264cf199698: ; ImmutableOopMap {[240]=Oop [192]=Oop [256]=Oop rbx=Oop [280]=Oop }
                      ;*new {reexecute=0 rethrow=0 return_oop=0}
                      ; - org.springframework.beans.factory.support.AbstractBeanFactory::doGetBean@331 (line 307)
  0x00000264cf199698: a889 ff48 

  0x00000264cf19969c: ;   {runtime_call fast_new_instance_init_check Runtime1 stub}
  0x00000264cf19969c: 8bd2 e85d 

  0x00000264cf1996a0: ; ImmutableOopMap {[240]=Oop [192]=Oop [256]=Oop rbx=Oop [280]=Oop }
                      ;*new {reexecute=0 rethrow=0 return_oop=0}
                      ; - org.springframework.beans.factory.support.AbstractBeanFactory::doGetBean@331 (line 307)
  0x00000264cf1996a0: b789 ffe9 | c4f0 ffff 

  0x00000264cf1996a8: ;   {runtime_call throw_null_pointer_exception Runtime1 stub}
  0x00000264cf1996a8: e873 a889 

  0x00000264cf1996ac: ; ImmutableOopMap {[248]=Oop [200]=Oop [216]=Oop rax=Oop r8=Oop [224]=Oop }
                      ;*invokevirtual startsWith {reexecute=0 rethrow=0 return_oop=0}
                      ; - org.springframework.beans.factory.support.AbstractBeanFactory::originalBeanName@10 (line 1244)
                      ; - org.springframework.beans.factory.support.AbstractBeanFactory::doGetBean@136 (line 272)
  0x00000264cf1996ac: ff49 b800 | 0000 0000 | 0000 00b8 | 000f 050a 

  0x00000264cf1996bc: ;   {runtime_call load_appendix_patching Runtime1 stub}
  0x00000264cf1996bc: e83f 018a 

  0x00000264cf1996c0: ; ImmutableOopMap {[248]=Oop [200]=Oop [216]=Oop rax=Oop }
                      ;*invokedynamic {reexecute=1 rethrow=0 return_oop=0}
                      ; - (reexecute) org.springframework.beans.factory.support.AbstractBeanFactory::originalBeanName@17 (line 1245)
                      ; - org.springframework.beans.factory.support.AbstractBeanFactory::doGetBean@136 (line 272)
  0x00000264cf1996c0: ffe9 2af1 | ffff 49b8 | 0000 0000 | 0000 0000 | b800 0f05 

  0x00000264cf1996d4: ;   {runtime_call load_appendix_patching Runtime1 stub}
  0x00000264cf1996d4: 0ae8 2601 

  0x00000264cf1996d8: ; ImmutableOopMap {[240]=Oop [224]=Oop [352]=Oop [216]=Oop rdx=Oop [192]=Oop rsi=Oop }
                      ;*invokedynamic {reexecute=1 rethrow=0 return_oop=0}
                      ; - (reexecute) org.springframework.beans.factory.support.AbstractBeanFactory::doGetBean@51 (line 251)
  0x00000264cf1996d8: 8aff e919 | f2ff ff49 | b800 0000 | 0000 0000 | 00b8 000f 

  0x00000264cf1996ec: ;   {runtime_call load_appendix_patching Runtime1 stub}
  0x00000264cf1996ec: 050a e80d 

  0x00000264cf1996f0: ; ImmutableOopMap {[240]=Oop [224]=Oop [352]=Oop [216]=Oop rdx=Oop [192]=Oop rsi=Oop }
                      ;*invokedynamic {reexecute=1 rethrow=0 return_oop=0}
                      ; - (reexecute) org.springframework.beans.factory.support.AbstractBeanFactory::doGetBean@70 (line 255)
  0x00000264cf1996f0: 018a ffe9 | 50f2 ffff 

  0x00000264cf1996f8: ;   {runtime_call throw_null_pointer_exception Runtime1 stub}
  0x00000264cf1996f8: e823 a889 

  0x00000264cf1996fc: ; ImmutableOopMap {[240]=Oop [224]=Oop [352]=Oop [216]=Oop rdx=Oop [192]=Oop rsi=Oop }
                      ;*invokevirtual get {reexecute=0 rethrow=0 return_oop=0}
                      ; - org.springframework.beans.factory.support.AbstractAutowireCapableBeanFactory::getObjectForBeanInstance@4 (line 1270)
                      ; - org.springframework.beans.factory.support.AbstractBeanFactory::doGetBean@87 (line 258)
  0x00000264cf1996fc: ff48 8904 

  0x00000264cf199700: ;   {runtime_call throw_class_cast_exception Runtime1 stub}
  0x00000264cf199700: 24e8 1ad4 

  0x00000264cf199704: ; ImmutableOopMap {[240]=Oop [224]=Oop [352]=Oop [216]=Oop [192]=Oop }
                      ;*checkcast {reexecute=0 rethrow=0 return_oop=0}
                      ; - org.springframework.beans.factory.support.AbstractAutowireCapableBeanFactory::getObjectForBeanInstance@7 (line 1270)
                      ; - org.springframework.beans.factory.support.AbstractBeanFactory::doGetBean@87 (line 258)
                      ;   {runtime_call throw_null_pointer_exception Runtime1 stub}
  0x00000264cf199704: 89ff e815 

  0x00000264cf199708: ; ImmutableOopMap {[240]=Oop [192]=Oop [256]=Oop rbx=Oop [280]=Oop [376]=Oop }
                      ;*new {reexecute=0 rethrow=0 return_oop=0}
                      ; - org.springframework.beans.factory.support.AbstractBeanFactory::doGetBean@375 (line 315)
  0x00000264cf199708: a889 ff48 

  0x00000264cf19970c: ;   {runtime_call fast_new_instance_init_check Runtime1 stub}
  0x00000264cf19970c: 8bd2 e8ed 

  0x00000264cf199710: ; ImmutableOopMap {[240]=Oop [192]=Oop [256]=Oop rbx=Oop [280]=Oop [376]=Oop }
                      ;*new {reexecute=0 rethrow=0 return_oop=0}
                      ; - org.springframework.beans.factory.support.AbstractBeanFactory::doGetBean@375 (line 315)
  0x00000264cf199710: b689 ffe9 | 85f3 ffff 

  0x00000264cf199718: ;   {internal_word}
  0x00000264cf199718: 49ba 148b | 19cf 6402 | 0000 4d89 | 9760 0300 

  0x00000264cf199728: ;   {runtime_call SafepointBlob}
  0x00000264cf199728: 00e9 52f8 

  0x00000264cf19972c: ;   {internal_word}
  0x00000264cf19972c: 7fff 49ba | 3c8b 19cf | 6402 0000 | 4d89 9760 

  0x00000264cf19973c: ;   {runtime_call SafepointBlob}
  0x00000264cf19973c: 0300 00e9 | 3cf8 7fff 

  0x00000264cf199744: ;   {internal_word}
  0x00000264cf199744: 49ba 6c8b | 19cf 6402 | 0000 4d89 | 9760 0300 

  0x00000264cf199754: ;   {runtime_call SafepointBlob}
  0x00000264cf199754: 00e9 26f8 | 7fff 4889 

  0x00000264cf19975c: ;   {runtime_call throw_class_cast_exception Runtime1 stub}
  0x00000264cf19975c: 3424 e8bd 

  0x00000264cf199760: ; ImmutableOopMap {[216]=Oop rax=Oop rdi=Oop [200]=Oop }
                      ;*checkcast {reexecute=0 rethrow=0 return_oop=0}
                      ; - org.springframework.beans.factory.support.AbstractBeanFactory::doGetBean@151 (line 273)
                      ;   {runtime_call throw_null_pointer_exception Runtime1 stub}
  0x00000264cf199760: d389 ffe8 

  0x00000264cf199764: ; ImmutableOopMap {[216]=Oop rax=Oop rdi=Oop [200]=Oop rdx=Oop }
                      ;*invokevirtual doGetBean {reexecute=0 rethrow=0 return_oop=0}
                      ; - org.springframework.beans.factory.support.AbstractBeanFactory::doGetBean@164 (line 274)
  0x00000264cf199764: b8a7 89ff 

  0x00000264cf199768: ;   {internal_word}
  0x00000264cf199768: 49ba d48b | 19cf 6402 | 0000 4d89 | 9760 0300 

  0x00000264cf199778: ;   {runtime_call SafepointBlob}
  0x00000264cf199778: 00e9 02f8 

  0x00000264cf19977c: ;   {internal_word}
  0x00000264cf19977c: 7fff 49ba | 3c8c 19cf | 6402 0000 | 4d89 9760 

  0x00000264cf19978c: ;   {runtime_call SafepointBlob}
  0x00000264cf19978c: 0300 00e9 | ecf7 7fff | 49b9 0000 | 0000 0000 | 0000 b800 

  0x00000264cf1997a0: ;   {runtime_call load_appendix_patching Runtime1 stub}
  0x00000264cf1997a0: 0f05 0ae8 

  0x00000264cf1997a4: ; ImmutableOopMap {[256]=Oop [240]=Oop [192]=Oop [376]=Oop [384]=Oop [392]=Oop }
                      ;*invokedynamic {reexecute=1 rethrow=0 return_oop=0}
                      ; - (reexecute) org.springframework.beans.factory.support.AbstractBeanFactory::doGetBean@390 (line 315)
  0x00000264cf1997a4: 5800 8aff | e9cb f4ff | ff49 b900 | 0000 0000 | 0000 00b8 | 000f 050a 

  0x00000264cf1997bc: ;   {runtime_call load_appendix_patching Runtime1 stub}
  0x00000264cf1997bc: e83f 008a 

  0x00000264cf1997c0: ; ImmutableOopMap {[240]=Oop [192]=Oop [256]=Oop [400]=Oop [408]=Oop }
                      ;*invokedynamic {reexecute=1 rethrow=0 return_oop=0}
                      ; - (reexecute) org.springframework.beans.factory.support.AbstractBeanFactory::doGetBean@346 (line 307)
  0x00000264cf1997c0: ffe9 4af5 | ffff 488b 

  0x00000264cf1997c8: ;   {runtime_call fast_new_instance Runtime1 stub}
  0x00000264cf1997c8: d2e8 32b2 

  0x00000264cf1997cc: ; ImmutableOopMap {[240]=Oop [192]=Oop [312]=Oop }
                      ;*new {reexecute=0 rethrow=0 return_oop=0}
                      ; - org.springframework.beans.factory.support.AbstractBeanFactory::doGetBean@565 (line 358)
  0x00000264cf1997cc: 89ff e9f1 | f5ff ff49 | b800 0000 | 0000 0000 | 00b8 000f 

  0x00000264cf1997e0: ;   {runtime_call load_appendix_patching Runtime1 stub}
  0x00000264cf1997e0: 050a e819 

  0x00000264cf1997e4: ; ImmutableOopMap {[240]=Oop [192]=Oop [312]=Oop rax=Oop }
                      ;*invokedynamic {reexecute=1 rethrow=0 return_oop=0}
                      ; - (reexecute) org.springframework.beans.factory.support.AbstractBeanFactory::doGetBean@571 (line 358)
  0x00000264cf1997e4: 008a ffe9 | dcf5 ffff 

  0x00000264cf1997ec: ;   {runtime_call fast_new_instance Runtime1 stub}
  0x00000264cf1997ec: 488b d2e8 

  0x00000264cf1997f0: ; ImmutableOopMap {[240]=Oop [192]=Oop }
                      ;*new {reexecute=0 rethrow=0 return_oop=0}
                      ; - org.springframework.beans.factory.support.AbstractBeanFactory::doGetBean@529 (line 354)
  0x00000264cf1997f0: 0cb2 89ff | e973 f6ff | ff49 b800 | 0000 0000 | 0000 00b8 | 000f 050a 

  0x00000264cf199808: ;   {runtime_call load_appendix_patching Runtime1 stub}
  0x00000264cf199808: e8f3 ff89 

  0x00000264cf19980c: ; ImmutableOopMap {[240]=Oop [192]=Oop rax=Oop }
                      ;*invokedynamic {reexecute=1 rethrow=0 return_oop=0}
                      ; - (reexecute) org.springframework.beans.factory.support.AbstractBeanFactory::doGetBean@535 (line 354)
  0x00000264cf19980c: ffe9 5ef6 

  0x00000264cf199810: ;   {runtime_call throw_null_pointer_exception Runtime1 stub}
  0x00000264cf199810: ffff e809 

  0x00000264cf199814: ; ImmutableOopMap {[240]=Oop [192]=Oop [224]=Oop [216]=Oop [200]=Oop [280]=Oop }
                      ;*new {reexecute=0 rethrow=0 return_oop=0}
                      ; - org.springframework.beans.factory.support.AbstractBeanFactory::checkMergedBeanDefinition@7 (line 1455)
                      ; - org.springframework.beans.factory.support.AbstractBeanFactory::doGetBean@279 (line 300)
  0x00000264cf199814: a789 ff48 

  0x00000264cf199818: ;   {runtime_call fast_new_instance_init_check Runtime1 stub}
  0x00000264cf199818: 8bd2 e8e1 

  0x00000264cf19981c: ; ImmutableOopMap {[240]=Oop [192]=Oop [224]=Oop [216]=Oop [200]=Oop [280]=Oop }
                      ;*new {reexecute=0 rethrow=0 return_oop=0}
                      ; - org.springframework.beans.factory.support.AbstractBeanFactory::checkMergedBeanDefinition@7 (line 1455)
                      ; - org.springframework.beans.factory.support.AbstractBeanFactory::doGetBean@279 (line 300)
  0x00000264cf19981c: b589 ffe9 | 01f7 ffff 

  0x00000264cf199824: ;   {runtime_call fast_new_instance Runtime1 stub}
  0x00000264cf199824: 488b d2e8 

  0x00000264cf199828: ; ImmutableOopMap {[240]=Oop [192]=Oop [200]=Oop [216]=Oop [224]=Oop }
                      ;*new {reexecute=0 rethrow=0 return_oop=0}
                      ; - java.util.Objects::requireNonNull@4 (line 209)
                      ; - org.springframework.beans.factory.support.AbstractBeanFactory::doGetBean@250 (line 297)
  0x00000264cf199828: d4b1 89ff | e987 f7ff | ff48 8bd2 

  0x00000264cf199834: ;   {runtime_call fast_new_instance Runtime1 stub}
  0x00000264cf199834: e8c7 b189 

  0x00000264cf199838: ; ImmutableOopMap {[240]=Oop [192]=Oop [224]=Oop [216]=Oop [200]=Oop [248]=Oop }
                      ;*new {reexecute=0 rethrow=0 return_oop=0}
                      ; - org.springframework.util.Assert::notNull@4 (line 172)
                      ; - org.springframework.beans.factory.support.DefaultListableBeanFactory::containsBeanDefinition@3 (line 366)
                      ; - org.springframework.beans.factory.support.AbstractBeanFactory::doGetBean@128 (line 270)
  0x00000264cf199838: ffe9 06f8 

  0x00000264cf19983c: ;   {runtime_call throw_null_pointer_exception Runtime1 stub}
  0x00000264cf19983c: ffff e8dd 

  0x00000264cf199840: ; ImmutableOopMap {[240]=Oop }
                      ;*new {reexecute=0 rethrow=0 return_oop=0}
                      ; - org.springframework.beans.factory.support.AbstractBeanFactory::doGetBean@104 (line 265)
  0x00000264cf199840: a689 ff48 

  0x00000264cf199844: ;   {runtime_call fast_new_instance_init_check Runtime1 stub}
  0x00000264cf199844: 8bd2 e8b5 

  0x00000264cf199848: ; ImmutableOopMap {[240]=Oop }
                      ;*new {reexecute=0 rethrow=0 return_oop=0}
                      ; - org.springframework.beans.factory.support.AbstractBeanFactory::doGetBean@104 (line 265)
  0x00000264cf199848: b589 ffe9 | 8af8 ffff 

  0x00000264cf199850: ;   {runtime_call throw_null_pointer_exception Runtime1 stub}
  0x00000264cf199850: e8cb a689 

  0x00000264cf199854: ; ImmutableOopMap {r9=Oop [192]=Oop [240]=Oop rbx=Oop }
                      ;*new {reexecute=0 rethrow=0 return_oop=0}
                      ; - org.springframework.beans.factory.support.AbstractBeanFactory::doGetBean@620 (line 373)
  0x00000264cf199854: ff48 8bd2 

  0x00000264cf199858: ;   {runtime_call fast_new_instance_init_check Runtime1 stub}
  0x00000264cf199858: e8a3 b589 

  0x00000264cf19985c: ; ImmutableOopMap {r9=Oop [192]=Oop [240]=Oop rbx=Oop }
                      ;*new {reexecute=0 rethrow=0 return_oop=0}
                      ; - org.springframework.beans.factory.support.AbstractBeanFactory::doGetBean@620 (line 373)
  0x00000264cf19985c: ffe9 26f9 | ffff 488d | 8424 f801 | 0000 4889 

  0x00000264cf19986c: ;   {runtime_call monitorexit_nofpu Runtime1 stub}
  0x00000264cf19986c: 0424 e88d | e589 ffe9 | fdf9 ffff 

  0x00000264cf199878: ;   {runtime_call throw_null_pointer_exception Runtime1 stub}
  0x00000264cf199878: e8a3 a689 

  0x00000264cf19987c: ; ImmutableOopMap {[192]=Oop [240]=Oop rax=Oop rdx=Oop }
                      ;*invokevirtual toString {reexecute=0 rethrow=0 return_oop=0}
                      ; - org.springframework.beans.factory.support.AbstractBeanFactory::doGetBean@669 (line 378)
                      ;   {runtime_call throw_null_pointer_exception Runtime1 stub}
  0x00000264cf19987c: ffe8 9ea6 

  0x00000264cf199880: ; ImmutableOopMap {[192]=Oop [240]=Oop [480]=Oop rax=Oop }
                      ;*invokevirtual toString {reexecute=0 rethrow=0 return_oop=0}
                      ; - java.lang.String::valueOf@11 (line 4220)
                      ; - org.springframework.beans.factory.support.AbstractBeanFactory::doGetBean@688 (line 379)
                      ;   {runtime_call throw_null_pointer_exception Runtime1 stub}
  0x00000264cf199880: 89ff e899 

  0x00000264cf199884: ; ImmutableOopMap {[240]=Oop [480]=Oop rdx=Oop [192]=Oop rsi=Oop }
                      ;*monitorenter {reexecute=0 rethrow=0 return_oop=0}
                      ; - org.springframework.beans.factory.support.AbstractBeanFactory::cleanupAfterBeanCreationFailure@6 (line 1729)
                      ; - org.springframework.beans.factory.support.AbstractBeanFactory::doGetBean@700 (line 380)
  0x00000264cf199884: a689 ff48 | 8974 2408 | 4c89 0424 

  0x00000264cf199890: ;   {runtime_call monitorenter_nofpu Runtime1 stub}
  0x00000264cf199890: e8eb de89 

  0x00000264cf199894: ; ImmutableOopMap {[240]=Oop [480]=Oop rdx=Oop [192]=Oop rsi=Oop [512]=Oop }
                      ;*monitorenter {reexecute=0 rethrow=0 return_oop=0}
                      ; - org.springframework.beans.factory.support.AbstractBeanFactory::cleanupAfterBeanCreationFailure@6 (line 1729)
                      ; - org.springframework.beans.factory.support.AbstractBeanFactory::doGetBean@700 (line 380)
  0x00000264cf199894: ffe9 a5fa | ffff 488d | 8424 f801 | 0000 4889 

  0x00000264cf1998a4: ;   {runtime_call monitorexit_nofpu Runtime1 stub}
  0x00000264cf1998a4: 0424 e855 | e589 ffe9 | d7fa ffff | 488d 8424 | f801 0000 | 4889 0424 

  0x00000264cf1998bc: ;   {runtime_call monitorexit_nofpu Runtime1 stub}
  0x00000264cf1998bc: e83f e589 | ffe9 1afb | ffff 4889 

  0x00000264cf1998c8: ;   {runtime_call throw_class_cast_exception Runtime1 stub}
  0x00000264cf1998c8: 0424 e851 

  0x00000264cf1998cc: ; ImmutableOopMap {[240]=Oop [192]=Oop [496]=Oop }
                      ;*checkcast {reexecute=0 rethrow=0 return_oop=0}
                      ; - org.springframework.beans.factory.support.AbstractBeanFactory::clearMergedBeanDefinition@10 (line 1465)
                      ; - org.springframework.beans.factory.support.DefaultListableBeanFactory::clearMergedBeanDefinition@2 (line 910)
                      ; - org.springframework.beans.factory.support.AbstractBeanFactory::doGetBean@725 (line 386)
                      ;   {runtime_call throw_null_pointer_exception Runtime1 stub}
  0x00000264cf1998cc: d289 ffe8 

  0x00000264cf1998d0: ; ImmutableOopMap {[240]=Oop [192]=Oop [496]=Oop }
                      ;*putfield stale {reexecute=1 rethrow=0 return_oop=0}
                      ; - (reexecute) org.springframework.beans.factory.support.AbstractBeanFactory::clearMergedBeanDefinition@20 (line 1467)
                      ; - org.springframework.beans.factory.support.DefaultListableBeanFactory::clearMergedBeanDefinition@2 (line 910)
                      ; - org.springframework.beans.factory.support.AbstractBeanFactory::doGetBean@725 (line 386)
  0x00000264cf1998d0: 4ca6 89ff 

  0x00000264cf1998d4: ;   {runtime_call throw_null_pointer_exception Runtime1 stub}
  0x00000264cf1998d4: e847 a689 

  0x00000264cf1998d8: ; ImmutableOopMap {[224]=Oop [200]=Oop [240]=Oop [192]=Oop [216]=Oop rax=Oop }
                      ;*invokestatic linkToSpecial {reexecute=0 rethrow=0 return_oop=0}
                      ; - java.lang.invoke.DirectMethodHandle$Holder::newInvokeSpecial@16
                      ; - java.lang.invoke.Invokers$Holder::linkToTargetMethod@5
                      ; - org.springframework.beans.factory.support.AbstractBeanFactory::doGetBean@254 (line 297)
                      ;   {runtime_call throw_null_pointer_exception Runtime1 stub}
  0x00000264cf1998d8: ffe8 42a6 

  0x00000264cf1998dc: ; ImmutableOopMap {[224]=Oop [216]=Oop [240]=Oop [200]=Oop [280]=Oop [192]=Oop rax=Oop }
                      ;*invokestatic linkToSpecial {reexecute=0 rethrow=0 return_oop=0}
                      ; - java.lang.invoke.LambdaForm$DMH/0x0000026481081000::newInvokeSpecial@24
                      ; - java.lang.invoke.Invokers$Holder::linkToTargetMethod@9
                      ; - org.springframework.beans.factory.support.AbstractBeanFactory::doGetBean@424 (line 323)
  0x00000264cf1998dc: 89ff 4c8b | ac24 0001 | 0000 8b8c | 24d4 0000 | 00e9 1af9 | ffff 4c8b | 8c24 3801 | 0000 e902 
  0x00000264cf1998fc: f8ff ff4c | 8b8c 2438 | 0100 00e9 | f5f7 ffff | 4c8b 8c24 | 3801 0000 | e9e8 f7ff | ff4c 8b8c 
  0x00000264cf19991c: 2438 0100 | 00e9 dbf7 | ffff 4c8b | 8c24 3801 | 0000 e9ce | f7ff ff4c | 8b84 24e0 | 0100 00e9 
  0x00000264cf19993c: 5ffa ffff | 4889 bc24 | f000 0000 | e93b f9ff | ff48 89bc | 24f0 0000 | 00e9 99fa | ffff 4c8b 
  0x00000264cf19995c: 8c24 3801 | 0000 e99a | f7ff ff4c | 8b8c 2438 | 0100 00e9 | 8df7 ffff | 4c8b 8c24 | 3801 0000 
  0x00000264cf19997c: e980 f7ff | ff90 9049 | 8b87 d803 | 0000 49c7 | 87d8 0300 | 0000 0000 | 0049 c787 | e003 0000 
  0x00000264cf19999c: 0000 0000 | 4881 c410 | 0200 005d 

  0x00000264cf1999a8: ;   {runtime_call unwind_exception Runtime1 stub}
  0x00000264cf1999a8: e953 9689 | fff4 f4f4 | f4f4 f4f4 | f4f4 f4f4 | f4f4 f4f4 | f4f4 f4f4 
[Stub Code]
  0x00000264cf1999c0: ;   {no_reloc}
  0x00000264cf1999c0: 0f1f 4400 

  0x00000264cf1999c4: ;   {static_stub}
  0x00000264cf1999c4: 0048 bb00 | 0000 0000 

  0x00000264cf1999cc: ;   {runtime_call}
  0x00000264cf1999cc: 0000 00e9 | fbff ffff 

  0x00000264cf1999d4: ;   {static_stub}
  0x00000264cf1999d4: 9048 bb00 | 0000 0000 

  0x00000264cf1999dc: ;   {runtime_call}
  0x00000264cf1999dc: 0000 00e9 | fbff ffff 

  0x00000264cf1999e4: ;   {static_stub}
  0x00000264cf1999e4: 9048 bb00 | 0000 0000 

  0x00000264cf1999ec: ;   {runtime_call}
  0x00000264cf1999ec: 0000 00e9 | fbff ffff 

  0x00000264cf1999f4: ;   {static_stub}
  0x00000264cf1999f4: 9048 bbf0 | 1b87 db64 

  0x00000264cf1999fc: ;   {runtime_call I2C/C2I adapters}
  0x00000264cf1999fc: 0200 00e9 | 59db 7fff 

  0x00000264cf199a04: ;   {static_stub}
  0x00000264cf199a04: 9048 bb00 | 0000 0000 

  0x00000264cf199a0c: ;   {runtime_call}
  0x00000264cf199a0c: 0000 00e9 | fbff ffff 

  0x00000264cf199a14: ;   {static_stub}
  0x00000264cf199a14: 9048 bb00 | 3687 db64 

  0x00000264cf199a1c: ;   {runtime_call I2C/C2I adapters}
  0x00000264cf199a1c: 0200 00e9 | 39db 7fff 

  0x00000264cf199a24: ;   {static_stub}
  0x00000264cf199a24: 9048 bb00 | 0000 0000 

  0x00000264cf199a2c: ;   {runtime_call}
  0x00000264cf199a2c: 0000 00e9 | fbff ffff 

  0x00000264cf199a34: ;   {static_stub}
  0x00000264cf199a34: 9048 bb00 | 0000 0000 

  0x00000264cf199a3c: ;   {runtime_call}
  0x00000264cf199a3c: 0000 00e9 | fbff ffff 

  0x00000264cf199a44: ;   {static_stub}
  0x00000264cf199a44: 9048 bb60 | 0388 db64 

  0x00000264cf199a4c: ;   {runtime_call I2C/C2I adapters}
  0x00000264cf199a4c: 0200 00e9 | 91ee 7eff 

  0x00000264cf199a54: ;   {static_stub}
  0x00000264cf199a54: 9048 bbc8 | fe87 db64 

  0x00000264cf199a5c: ;   {runtime_call I2C/C2I adapters}
  0x00000264cf199a5c: 0200 00e9 | fd03 80ff 

  0x00000264cf199a64: ;   {static_stub}
  0x00000264cf199a64: 9048 bb00 | 0000 0000 

  0x00000264cf199a6c: ;   {runtime_call}
  0x00000264cf199a6c: 0000 00e9 | fbff ffff 

  0x00000264cf199a74: ;   {static_stub}
  0x00000264cf199a74: 9048 bb00 | 0000 0000 

  0x00000264cf199a7c: ;   {runtime_call}
  0x00000264cf199a7c: 0000 00e9 | fbff ffff 

  0x00000264cf199a84: ;   {static_stub}
  0x00000264cf199a84: 9048 bb00 | 0000 0000 

  0x00000264cf199a8c: ;   {runtime_call}
  0x00000264cf199a8c: 0000 00e9 | fbff ffff 

  0x00000264cf199a94: ;   {static_stub}
  0x00000264cf199a94: 9048 bb00 | 0000 0000 

  0x00000264cf199a9c: ;   {runtime_call}
  0x00000264cf199a9c: 0000 00e9 | fbff ffff 

  0x00000264cf199aa4: ;   {static_stub}
  0x00000264cf199aa4: 9048 bb70 | e087 db64 

  0x00000264cf199aac: ;   {runtime_call I2C/C2I adapters}
  0x00000264cf199aac: 0200 00e9 | ad03 80ff 

  0x00000264cf199ab4: ;   {static_stub}
  0x00000264cf199ab4: 9048 bb00 | 0000 0000 

  0x00000264cf199abc: ;   {runtime_call}
  0x00000264cf199abc: 0000 00e9 | fbff ffff 

  0x00000264cf199ac4: ;   {static_stub}
  0x00000264cf199ac4: 9048 bb00 | 0000 0000 

  0x00000264cf199acc: ;   {runtime_call}
  0x00000264cf199acc: 0000 00e9 | fbff ffff 

  0x00000264cf199ad4: ;   {static_stub}
  0x00000264cf199ad4: 9048 bb00 | 0000 0000 

  0x00000264cf199adc: ;   {runtime_call}
  0x00000264cf199adc: 0000 00e9 | fbff ffff 

  0x00000264cf199ae4: ;   {static_stub}
  0x00000264cf199ae4: 9048 bb00 | 0000 0000 

  0x00000264cf199aec: ;   {runtime_call}
  0x00000264cf199aec: 0000 00e9 | fbff ffff 

  0x00000264cf199af4: ;   {static_stub}
  0x00000264cf199af4: 9048 bb00 | 0000 0000 

  0x00000264cf199afc: ;   {runtime_call}
  0x00000264cf199afc: 0000 00e9 | fbff ffff 

  0x00000264cf199b04: ;   {static_stub}
  0x00000264cf199b04: 9048 bb00 | 0000 0000 

  0x00000264cf199b0c: ;   {runtime_call}
  0x00000264cf199b0c: 0000 00e9 | fbff ffff 

  0x00000264cf199b14: ;   {static_stub}
  0x00000264cf199b14: 9048 bb00 | 0000 0000 

  0x00000264cf199b1c: ;   {runtime_call}
  0x00000264cf199b1c: 0000 00e9 | fbff ffff 

  0x00000264cf199b24: ;   {static_stub}
  0x00000264cf199b24: 9048 bb00 | 0000 0000 

  0x00000264cf199b2c: ;   {runtime_call}
  0x00000264cf199b2c: 0000 00e9 | fbff ffff 

  0x00000264cf199b34: ;   {static_stub}
  0x00000264cf199b34: 9048 bb00 | 0000 0000 

  0x00000264cf199b3c: ;   {runtime_call}
  0x00000264cf199b3c: 0000 00e9 | fbff ffff 

  0x00000264cf199b44: ;   {static_stub}
  0x00000264cf199b44: 9048 bb00 | 0000 0000 

  0x00000264cf199b4c: ;   {runtime_call}
  0x00000264cf199b4c: 0000 00e9 | fbff ffff 

  0x00000264cf199b54: ;   {static_stub}
  0x00000264cf199b54: 9048 bb00 | 0000 0000 

  0x00000264cf199b5c: ;   {runtime_call}
  0x00000264cf199b5c: 0000 00e9 | fbff ffff 

  0x00000264cf199b64: ;   {static_stub}
  0x00000264cf199b64: 9048 bb00 | 0000 0000 

  0x00000264cf199b6c: ;   {runtime_call}
  0x00000264cf199b6c: 0000 00e9 | fbff ffff 

  0x00000264cf199b74: ;   {static_stub}
  0x00000264cf199b74: 9048 bb00 | 0000 0000 

  0x00000264cf199b7c: ;   {runtime_call}
  0x00000264cf199b7c: 0000 00e9 | fbff ffff 

  0x00000264cf199b84: ;   {static_stub}
  0x00000264cf199b84: 9048 bb00 | 0000 0000 

  0x00000264cf199b8c: ;   {runtime_call}
  0x00000264cf199b8c: 0000 00e9 | fbff ffff 

  0x00000264cf199b94: ;   {static_stub}
  0x00000264cf199b94: 9048 bb00 | 0000 0000 

  0x00000264cf199b9c: ;   {runtime_call}
  0x00000264cf199b9c: 0000 00e9 | fbff ffff 

  0x00000264cf199ba4: ;   {static_stub}
  0x00000264cf199ba4: 9048 bb00 | 0000 0000 

  0x00000264cf199bac: ;   {runtime_call}
  0x00000264cf199bac: 0000 00e9 | fbff ffff 

  0x00000264cf199bb4: ;   {static_stub}
  0x00000264cf199bb4: 9048 bb00 | 0000 0000 

  0x00000264cf199bbc: ;   {runtime_call}
  0x00000264cf199bbc: 0000 00e9 | fbff ffff 

  0x00000264cf199bc4: ;   {static_stub}
  0x00000264cf199bc4: 9048 bb00 | 0000 0000 

  0x00000264cf199bcc: ;   {runtime_call}
  0x00000264cf199bcc: 0000 00e9 | fbff ffff 

  0x00000264cf199bd4: ;   {static_stub}
  0x00000264cf199bd4: 9048 bb00 | 0000 0000 

  0x00000264cf199bdc: ;   {runtime_call}
  0x00000264cf199bdc: 0000 00e9 | fbff ffff 

  0x00000264cf199be4: ;   {static_stub}
  0x00000264cf199be4: 9048 bb00 | 0000 0000 

  0x00000264cf199bec: ;   {runtime_call}
  0x00000264cf199bec: 0000 00e9 | fbff ffff 

  0x00000264cf199bf4: ;   {static_stub}
  0x00000264cf199bf4: 9048 bb00 | 0000 0000 

  0x00000264cf199bfc: ;   {runtime_call}
  0x00000264cf199bfc: 0000 00e9 | fbff ffff 

  0x00000264cf199c04: ;   {static_stub}
  0x00000264cf199c04: 9048 bb00 | 0000 0000 

  0x00000264cf199c0c: ;   {runtime_call}
  0x00000264cf199c0c: 0000 00e9 | fbff ffff 

  0x00000264cf199c14: ;   {static_stub}
  0x00000264cf199c14: 9048 bb00 | 0000 0000 

  0x00000264cf199c1c: ;   {runtime_call}
  0x00000264cf199c1c: 0000 00e9 | fbff ffff 

  0x00000264cf199c24: ;   {static_stub}
  0x00000264cf199c24: 9048 bb00 | 0000 0000 

  0x00000264cf199c2c: ;   {runtime_call}
  0x00000264cf199c2c: 0000 00e9 | fbff ffff 

  0x00000264cf199c34: ;   {static_stub}
  0x00000264cf199c34: 9048 bb00 | 0000 0000 

  0x00000264cf199c3c: ;   {runtime_call}
  0x00000264cf199c3c: 0000 00e9 | fbff ffff 

  0x00000264cf199c44: ;   {static_stub}
  0x00000264cf199c44: 9048 bb00 | 0000 0000 

  0x00000264cf199c4c: ;   {runtime_call}
  0x00000264cf199c4c: 0000 00e9 | fbff ffff 

  0x00000264cf199c54: ;   {static_stub}
  0x00000264cf199c54: 9048 bb00 | 0000 0000 

  0x00000264cf199c5c: ;   {runtime_call}
  0x00000264cf199c5c: 0000 00e9 | fbff ffff 

  0x00000264cf199c64: ;   {static_stub}
  0x00000264cf199c64: 9048 bb00 | 0000 0000 

  0x00000264cf199c6c: ;   {runtime_call}
  0x00000264cf199c6c: 0000 00e9 | fbff ffff 

  0x00000264cf199c74: ;   {static_stub}
  0x00000264cf199c74: 9048 bb00 | 0000 0000 

  0x00000264cf199c7c: ;   {runtime_call}
  0x00000264cf199c7c: 0000 00e9 | fbff ffff 

  0x00000264cf199c84: ;   {static_stub}
  0x00000264cf199c84: 9048 bb00 | 0000 0000 

  0x00000264cf199c8c: ;   {runtime_call}
  0x00000264cf199c8c: 0000 00e9 | fbff ffff 

  0x00000264cf199c94: ;   {static_stub}
  0x00000264cf199c94: 9048 bb00 | 0000 0000 

  0x00000264cf199c9c: ;   {runtime_call}
  0x00000264cf199c9c: 0000 00e9 | fbff ffff 

  0x00000264cf199ca4: ;   {static_stub}
  0x00000264cf199ca4: 9048 bb00 | 0000 0000 

  0x00000264cf199cac: ;   {runtime_call}
  0x00000264cf199cac: 0000 00e9 | fbff ffff 

  0x00000264cf199cb4: ;   {static_stub}
  0x00000264cf199cb4: 9048 bb00 | 0000 0000 

  0x00000264cf199cbc: ;   {runtime_call}
  0x00000264cf199cbc: 0000 00e9 | fbff ffff 

  0x00000264cf199cc4: ;   {static_stub}
  0x00000264cf199cc4: 9048 bb00 | 0000 0000 

  0x00000264cf199ccc: ;   {runtime_call}
  0x00000264cf199ccc: 0000 00e9 | fbff ffff 

  0x00000264cf199cd4: ;   {static_stub}
  0x00000264cf199cd4: 9048 bb00 | 0000 0000 

  0x00000264cf199cdc: ;   {runtime_call}
  0x00000264cf199cdc: 0000 00e9 | fbff ffff 

  0x00000264cf199ce4: ;   {static_stub}
  0x00000264cf199ce4: 9048 bb00 | 0000 0000 

  0x00000264cf199cec: ;   {runtime_call}
  0x00000264cf199cec: 0000 00e9 | fbff ffff 

  0x00000264cf199cf4: ;   {static_stub}
  0x00000264cf199cf4: 9048 bb00 | 0000 0000 

  0x00000264cf199cfc: ;   {runtime_call}
  0x00000264cf199cfc: 0000 00e9 | fbff ffff 

  0x00000264cf199d04: ;   {static_stub}
  0x00000264cf199d04: 9048 bb00 | 0000 0000 

  0x00000264cf199d0c: ;   {runtime_call}
  0x00000264cf199d0c: 0000 00e9 | fbff ffff 

  0x00000264cf199d14: ;   {static_stub}
  0x00000264cf199d14: 9048 bb00 | 0000 0000 

  0x00000264cf199d1c: ;   {runtime_call}
  0x00000264cf199d1c: 0000 00e9 | fbff ffff 

  0x00000264cf199d24: ;   {static_stub}
  0x00000264cf199d24: 9048 bb00 | 0000 0000 

  0x00000264cf199d2c: ;   {runtime_call}
  0x00000264cf199d2c: 0000 00e9 | fbff ffff 

  0x00000264cf199d34: ;   {static_stub}
  0x00000264cf199d34: 9048 bb00 | 0000 0000 

  0x00000264cf199d3c: ;   {runtime_call}
  0x00000264cf199d3c: 0000 00e9 | fbff ffff 

  0x00000264cf199d44: ;   {static_stub}
  0x00000264cf199d44: 9048 bb00 | 0000 0000 

  0x00000264cf199d4c: ;   {runtime_call}
  0x00000264cf199d4c: 0000 00e9 | fbff ffff 

  0x00000264cf199d54: ;   {static_stub}
  0x00000264cf199d54: 9048 bb00 | 0000 0000 

  0x00000264cf199d5c: ;   {runtime_call}
  0x00000264cf199d5c: 0000 00e9 | fbff ffff 

  0x00000264cf199d64: ;   {static_stub}
  0x00000264cf199d64: 9048 bb00 | 0000 0000 

  0x00000264cf199d6c: ;   {runtime_call}
  0x00000264cf199d6c: 0000 00e9 | fbff ffff 

  0x00000264cf199d74: ;   {static_stub}
  0x00000264cf199d74: 9048 bb00 | 0000 0000 

  0x00000264cf199d7c: ;   {runtime_call}
  0x00000264cf199d7c: 0000 00e9 | fbff ffff 

  0x00000264cf199d84: ;   {static_stub}
  0x00000264cf199d84: 9048 bb00 | 0000 0000 

  0x00000264cf199d8c: ;   {runtime_call}
  0x00000264cf199d8c: 0000 00e9 | fbff ffff 

  0x00000264cf199d94: ;   {static_stub}
  0x00000264cf199d94: 9048 bb00 | 0000 0000 

  0x00000264cf199d9c: ;   {runtime_call}
  0x00000264cf199d9c: 0000 00e9 | fbff ffff 

  0x00000264cf199da4: ;   {static_stub}
  0x00000264cf199da4: 9048 bb00 | 0000 0000 

  0x00000264cf199dac: ;   {runtime_call}
  0x00000264cf199dac: 0000 00e9 | fbff ffff 

  0x00000264cf199db4: ;   {static_stub}
  0x00000264cf199db4: 9048 bb00 | 0000 0000 

  0x00000264cf199dbc: ;   {runtime_call}
  0x00000264cf199dbc: 0000 00e9 | fbff ffff 

  0x00000264cf199dc4: ;   {static_stub}
  0x00000264cf199dc4: 9048 bb00 | 0000 0000 

  0x00000264cf199dcc: ;   {runtime_call}
  0x00000264cf199dcc: 0000 00e9 | fbff ffff 

  0x00000264cf199dd4: ;   {static_stub}
  0x00000264cf199dd4: 9048 bb00 | 0000 0000 

  0x00000264cf199ddc: ;   {runtime_call}
  0x00000264cf199ddc: 0000 00e9 | fbff ffff 

  0x00000264cf199de4: ;   {static_stub}
  0x00000264cf199de4: 9048 bb00 | 0000 0000 

  0x00000264cf199dec: ;   {runtime_call}
  0x00000264cf199dec: 0000 00e9 | fbff ffff 

  0x00000264cf199df4: ;   {static_stub}
  0x00000264cf199df4: 9048 bb20 | 1c00 8064 

  0x00000264cf199dfc: ;   {runtime_call I2C/C2I adapters}
  0x00000264cf199dfc: 0200 00e9 | 55ce 7fff 

  0x00000264cf199e04: ;   {static_stub}
  0x00000264cf199e04: 9048 bb00 | 0000 0000 

  0x00000264cf199e0c: ;   {runtime_call}
  0x00000264cf199e0c: 0000 00e9 | fbff ffff 

  0x00000264cf199e14: ;   {static_stub}
  0x00000264cf199e14: 9048 bb00 | 0000 0000 

  0x00000264cf199e1c: ;   {runtime_call}
  0x00000264cf199e1c: 0000 00e9 | fbff ffff 

  0x00000264cf199e24: ;   {static_stub}
  0x00000264cf199e24: 9048 bb00 | 0000 0000 

  0x00000264cf199e2c: ;   {runtime_call}
  0x00000264cf199e2c: 0000 00e9 | fbff ffff 

  0x00000264cf199e34: ;   {static_stub}
  0x00000264cf199e34: 9048 bb00 | 0000 0000 

  0x00000264cf199e3c: ;   {runtime_call}
  0x00000264cf199e3c: 0000 00e9 | fbff ffff 
[Exception Handler]
  0x00000264cf199e44: ;   {runtime_call handle_exception_from_callee Runtime1 stub}
  0x00000264cf199e44: e8b7 c689 

  0x00000264cf199e48: ;   {external_word}
  0x00000264cf199e48: ff48 b9a0 | e99a 06f8 | 7f00 0048 

  0x00000264cf199e54: ;   {runtime_call}
  0x00000264cf199e54: 83e4 f049 | ba10 7963 | 06f8 7f00 | 0041 ffd2 

  0x00000264cf199e64: ;   {section_word}
  0x00000264cf199e64: f449 ba65 | 9e19 cf64 | 0200 0041 

  0x00000264cf199e70: ;   {runtime_call DeoptimizationBlob}
  0x00000264cf199e70: 52e9 aa05 | 80ff f4f4 
[/MachCode]


---------------  P R O C E S S  ---------------

Threads class SMR info:
_java_thread_list=0x00000264df2b3970, length=18, elements={
0x00000264c57ef370, 0x00000264d9f13e40, 0x00000264d9f14fa0, 0x00000264d9f2d040,
0x00000264d9f2da00, 0x00000264d9f2e3c0, 0x00000264d9f2ed80, 0x00000264d9f30660,
0x00000264da290060, 0x00000264da396990, 0x00000264da3a7aa0, 0x00000264dac28780,
0x00000264dac2c080, 0x00000264df8bc810, 0x00000264dff40bf0, 0x00000264da393440,
0x00000264da393990, 0x00000264da393ee0
}

Java Threads: ( => current thread )
  0x00000264c57ef370 JavaThread "main" [_thread_blocked, id=12192, stack(0x000000eb37400000,0x000000eb37500000)]
  0x00000264d9f13e40 JavaThread "Reference Handler" daemon [_thread_blocked, id=34820, stack(0x000000eb37b00000,0x000000eb37c00000)]
  0x00000264d9f14fa0 JavaThread "Finalizer" daemon [_thread_blocked, id=31568, stack(0x000000eb37c00000,0x000000eb37d00000)]
  0x00000264d9f2d040 JavaThread "Signal Dispatcher" daemon [_thread_blocked, id=40600, stack(0x000000eb37d00000,0x000000eb37e00000)]
  0x00000264d9f2da00 JavaThread "Attach Listener" daemon [_thread_blocked, id=1144, stack(0x000000eb37e00000,0x000000eb37f00000)]
  0x00000264d9f2e3c0 JavaThread "Service Thread" daemon [_thread_blocked, id=26092, stack(0x000000eb37f00000,0x000000eb38000000)]
  0x00000264d9f2ed80 JavaThread "Monitor Deflation Thread" daemon [_thread_blocked, id=39584, stack(0x000000eb38000000,0x000000eb38100000)]
  0x00000264d9f30660 JavaThread "C1 CompilerThread0" daemon [_thread_blocked, id=25292, stack(0x000000eb38100000,0x000000eb38200000)]
  0x00000264da290060 JavaThread "Sweeper thread" daemon [_thread_blocked, id=16724, stack(0x000000eb38200000,0x000000eb38300000)]
  0x00000264da396990 JavaThread "Notification Thread" daemon [_thread_blocked, id=1868, stack(0x000000eb38700000,0x000000eb38800000)]
  0x00000264da3a7aa0 JavaThread "Common-Cleaner" daemon [_thread_blocked, id=3388, stack(0x000000eb38900000,0x000000eb38a00000)]
  0x00000264dac28780 JavaThread "Thread-0" [_thread_blocked, id=23804, stack(0x000000eb38a00000,0x000000eb38b00000)]
=>0x00000264dac2c080 JavaThread "restartedMain" [_thread_in_vm, id=27892, stack(0x000000eb38b00000,0x000000eb38c00000)]
  0x00000264df8bc810 JavaThread "mysql-cj-abandoned-connection-cleanup" daemon [_thread_blocked, id=25440, stack(0x000000eb39400000,0x000000eb39500000)]
  0x00000264dff40bf0 JavaThread "HikariPool-1 housekeeper" daemon [_thread_blocked, id=30572, stack(0x000000eb38400000,0x000000eb38500000)]
  0x00000264da393440 JavaThread "C1 CompilerThread1" daemon [_thread_blocked, id=14680, stack(0x000000eb38300000,0x000000eb38400000)]
  0x00000264da393990 JavaThread "C1 CompilerThread2" daemon [_thread_blocked, id=4932, stack(0x000000eb38500000,0x000000eb38600000)]
  0x00000264da393ee0 JavaThread "C1 CompilerThread3" daemon [_thread_blocked, id=7436, stack(0x000000eb39c00000,0x000000eb39d00000)]

Other Threads:
  0x00000264d9f0d250 VMThread "VM Thread" [stack: 0x000000eb37a00000,0x000000eb37b00000] [id=33252]
  0x00000264da39ae80 WatcherThread [stack: 0x000000eb38800000,0x000000eb38900000] [id=4800]
  0x00000264c584ae20 GCTaskThread "GC Thread#0" [stack: 0x000000eb37500000,0x000000eb37600000] [id=29832]
  0x00000264dac6f310 GCTaskThread "GC Thread#1" [stack: 0x000000eb38c00000,0x000000eb38d00000] [id=23520]
  0x00000264dac6f5d0 GCTaskThread "GC Thread#2" [stack: 0x000000eb38d00000,0x000000eb38e00000] [id=26108]
  0x00000264dac6f890 GCTaskThread "GC Thread#3" [stack: 0x000000eb38e00000,0x000000eb38f00000] [id=12028]
  0x00000264dac6fb50 GCTaskThread "GC Thread#4" [stack: 0x000000eb38f00000,0x000000eb39000000] [id=14416]
  0x00000264dac66630 GCTaskThread "GC Thread#5" [stack: 0x000000eb39000000,0x000000eb39100000] [id=28164]
  0x00000264df157160 GCTaskThread "GC Thread#6" [stack: 0x000000eb39200000,0x000000eb39300000] [id=23024]
  0x00000264df14f580 GCTaskThread "GC Thread#7" [stack: 0x000000eb39300000,0x000000eb39400000] [id=32508]
  0x00000264daa71420 GCTaskThread "GC Thread#8" [stack: 0x000000eb39100000,0x000000eb39200000] [id=3448]
  0x00000264daa869c0 GCTaskThread "GC Thread#9" [stack: 0x000000eb39500000,0x000000eb39600000] [id=38680]
  0x00000264daada680 GCTaskThread "GC Thread#10" [stack: 0x000000eb39600000,0x000000eb39700000] [id=3272]
  0x00000264daada940 GCTaskThread "GC Thread#11" [stack: 0x000000eb39700000,0x000000eb39800000] [id=29748]
  0x00000264daadbc20 GCTaskThread "GC Thread#12" [stack: 0x000000eb39800000,0x000000eb39900000] [id=11992]
  0x00000264c585b430 ConcurrentGCThread "G1 Main Marker" [stack: 0x000000eb37600000,0x000000eb37700000] [id=3260]
  0x00000264c585dd60 ConcurrentGCThread "G1 Conc#0" [stack: 0x000000eb37700000,0x000000eb37800000] [id=39916]
  0x00000264df4c68d0 ConcurrentGCThread "G1 Conc#1" [stack: 0x000000eb39900000,0x000000eb39a00000] [id=27060]
  0x00000264df4c5dd0 ConcurrentGCThread "G1 Conc#2" [stack: 0x000000eb39a00000,0x000000eb39b00000] [id=28212]
  0x00000264d9dad320 ConcurrentGCThread "G1 Refine#0" [stack: 0x000000eb37800000,0x000000eb37900000] [id=16532]
  0x00000264d9dadc50 ConcurrentGCThread "G1 Service" [stack: 0x000000eb37900000,0x000000eb37a00000] [id=38920]

Threads with active compile tasks:

VM state: not at safepoint (normal execution)

VM Mutex/Monitor currently owned by a thread:  ([mutex/lock_event])
[0x00000264c57e8b50] Metaspace_lock - owner thread: 0x00000264dac2c080

Heap address: 0x0000000084a00000, size: 1974 MB, Compressed Oops mode: 32-bit

CDS archive(s) mapped at: [0x0000026480000000-0x0000026480bb0000-0x0000026480bb0000), size 12255232, SharedBaseAddress: 0x0000026480000000, ArchiveRelocationMode: 1.
Compressed class space mapped at: 0x0000026481000000-0x00000264c1000000, reserved size: 1073741824
Narrow klass base: 0x0000026480000000, Narrow klass shift: 0, Narrow klass range: 0x100000000

GC Precious Log:
 CPUs: 16 total, 16 available
 Memory: 7893M
 Large Page Support: Disabled
 NUMA Support: Disabled
 Compressed Oops: Enabled (32-bit)
 Heap Region Size: 1M
 Heap Min Capacity: 8M
 Heap Initial Capacity: 124M
 Heap Max Capacity: 1974M
 Pre-touch: Disabled
 Parallel Workers: 13
 Concurrent Workers: 3
 Concurrent Refinement Workers: 13
 Periodic GC: Disabled

Heap:
 garbage-first heap   total 65536K, used 51688K [0x0000000084a00000, 0x0000000100000000)
  region size 1024K, 25 young (25600K), 2 survivors (2048K)
 Metaspace       used 52718K, committed 53184K, reserved 1114112K
  class space    used 7494K, committed 7744K, reserved 1048576K

Heap Regions: E=young(eden), S=young(survivor), O=old, HS=humongous(starts), HC=humongous(continues), CS=collection set, F=free, OA=open archive, CA=closed archive, TAMS=top-at-mark-start (previous, next)
|   0|0x0000000084a00000, 0x0000000084b00000, 0x0000000084b00000|100%|HS|  |TAMS 0x0000000084b00000, 0x0000000084a00000| Complete 
|   1|0x0000000084b00000, 0x0000000084c00000, 0x0000000084c00000|100%| O|  |TAMS 0x0000000084c00000, 0x0000000084b00000| Untracked 
|   2|0x0000000084c00000, 0x0000000084d00000, 0x0000000084d00000|100%| O|  |TAMS 0x0000000084d00000, 0x0000000084c00000| Untracked 
|   3|0x0000000084d00000, 0x0000000084e00000, 0x0000000084e00000|100%| O|  |TAMS 0x0000000084e00000, 0x0000000084d00000| Untracked 
|   4|0x0000000084e00000, 0x0000000084f00000, 0x0000000084f00000|100%| O|  |TAMS 0x0000000084f00000, 0x0000000084e00000| Untracked 
|   5|0x0000000084f00000, 0x0000000085000000, 0x0000000085000000|100%| O|  |TAMS 0x0000000085000000, 0x0000000084f00000| Untracked 
|   6|0x0000000085000000, 0x0000000085100000, 0x0000000085100000|100%| O|  |TAMS 0x0000000085100000, 0x0000000085000000| Untracked 
|   7|0x0000000085100000, 0x0000000085200000, 0x0000000085200000|100%| O|  |TAMS 0x0000000085200000, 0x0000000085100000| Untracked 
|   8|0x0000000085200000, 0x0000000085300000, 0x0000000085300000|100%| O|  |TAMS 0x0000000085300000, 0x0000000085200000| Untracked 
|   9|0x0000000085300000, 0x0000000085400000, 0x0000000085400000|100%| O|  |TAMS 0x0000000085400000, 0x0000000085300000| Untracked 
|  10|0x0000000085400000, 0x0000000085500000, 0x0000000085500000|100%| O|  |TAMS 0x0000000085500000, 0x0000000085400000| Untracked 
|  11|0x0000000085500000, 0x0000000085600000, 0x0000000085600000|100%| O|  |TAMS 0x0000000085600000, 0x0000000085500000| Untracked 
|  12|0x0000000085600000, 0x0000000085700000, 0x0000000085700000|100%| O|  |TAMS 0x0000000085700000, 0x0000000085600000| Untracked 
|  13|0x0000000085700000, 0x0000000085800000, 0x0000000085800000|100%| O|  |TAMS 0x0000000085800000, 0x0000000085700000| Untracked 
|  14|0x0000000085800000, 0x0000000085900000, 0x0000000085900000|100%| O|  |TAMS 0x0000000085800000, 0x0000000085800000| Untracked 
|  15|0x0000000085900000, 0x0000000085a00000, 0x0000000085a00000|100%| O|  |TAMS 0x0000000085a00000, 0x0000000085900000| Untracked 
|  16|0x0000000085a00000, 0x0000000085b00000, 0x0000000085b00000|100%| O|  |TAMS 0x0000000085b00000, 0x0000000085a00000| Untracked 
|  17|0x0000000085b00000, 0x0000000085c00000, 0x0000000085c00000|100%| O|  |TAMS 0x0000000085c00000, 0x0000000085b00000| Untracked 
|  18|0x0000000085c00000, 0x0000000085d00000, 0x0000000085d00000|100%| O|  |TAMS 0x0000000085d00000, 0x0000000085c00000| Untracked 
|  19|0x0000000085d00000, 0x0000000085e00000, 0x0000000085e00000|100%| O|  |TAMS 0x0000000085d00000, 0x0000000085d00000| Untracked 
|  20|0x0000000085e00000, 0x0000000085f00000, 0x0000000085f00000|100%| O|  |TAMS 0x0000000085e00000, 0x0000000085e00000| Untracked 
|  21|0x0000000085f00000, 0x0000000086000000, 0x0000000086000000|100%| O|  |TAMS 0x0000000085f00000, 0x0000000085f00000| Untracked 
|  22|0x0000000086000000, 0x0000000086100000, 0x0000000086100000|100%| O|  |TAMS 0x0000000086000000, 0x0000000086000000| Untracked 
|  23|0x0000000086100000, 0x0000000086200000, 0x0000000086200000|100%| O|  |TAMS 0x0000000086100000, 0x0000000086100000| Untracked 
|  24|0x0000000086200000, 0x0000000086300000, 0x0000000086300000|100%| O|  |TAMS 0x0000000086200000, 0x0000000086200000| Untracked 
|  25|0x0000000086300000, 0x0000000086400000, 0x0000000086400000|100%| O|  |TAMS 0x00000000863e8200, 0x0000000086300000| Untracked 
|  26|0x0000000086400000, 0x0000000086500000, 0x0000000086500000|100%| O|  |TAMS 0x0000000086400000, 0x0000000086400000| Untracked 
|  27|0x0000000086500000, 0x0000000086559e00, 0x0000000086600000| 35%| O|  |TAMS 0x0000000086500000, 0x0000000086500000| Untracked 
|  28|0x0000000086600000, 0x0000000086600000, 0x0000000086700000|  0%| F|  |TAMS 0x0000000086600000, 0x0000000086600000| Untracked 
|  29|0x0000000086700000, 0x0000000086700000, 0x0000000086800000|  0%| F|  |TAMS 0x0000000086700000, 0x0000000086700000| Untracked 
|  30|0x0000000086800000, 0x0000000086800000, 0x0000000086900000|  0%| F|  |TAMS 0x0000000086800000, 0x0000000086800000| Untracked 
|  31|0x0000000086900000, 0x0000000086900000, 0x0000000086a00000|  0%| F|  |TAMS 0x0000000086900000, 0x0000000086900000| Untracked 
|  32|0x0000000086a00000, 0x0000000086a00000, 0x0000000086b00000|  0%| F|  |TAMS 0x0000000086a00000, 0x0000000086a00000| Untracked 
|  33|0x0000000086b00000, 0x0000000086b00000, 0x0000000086c00000|  0%| F|  |TAMS 0x0000000086b00000, 0x0000000086b00000| Untracked 
|  34|0x0000000086c00000, 0x0000000086c00000, 0x0000000086d00000|  0%| F|  |TAMS 0x0000000086c00000, 0x0000000086c00000| Untracked 
|  35|0x0000000086d00000, 0x0000000086d00000, 0x0000000086e00000|  0%| F|  |TAMS 0x0000000086d00000, 0x0000000086d00000| Untracked 
|  36|0x0000000086e00000, 0x0000000086e00000, 0x0000000086f00000|  0%| F|  |TAMS 0x0000000086e00000, 0x0000000086e00000| Untracked 
|  37|0x0000000086f00000, 0x0000000086f202b0, 0x0000000087000000| 12%| S|CS|TAMS 0x0000000086f00000, 0x0000000086f00000| Complete 
|  38|0x0000000087000000, 0x0000000087100000, 0x0000000087100000|100%| S|CS|TAMS 0x0000000087000000, 0x0000000087000000| Complete 
|  39|0x0000000087100000, 0x0000000087100000, 0x0000000087200000|  0%| F|  |TAMS 0x0000000087100000, 0x0000000087100000| Untracked 
|  40|0x0000000087200000, 0x0000000087200000, 0x0000000087300000|  0%| F|  |TAMS 0x0000000087200000, 0x0000000087200000| Untracked 
|  41|0x0000000087300000, 0x0000000087373550, 0x0000000087400000| 45%| E|  |TAMS 0x0000000087300000, 0x0000000087300000| Complete 
|  42|0x0000000087400000, 0x0000000087500000, 0x0000000087500000|100%| E|CS|TAMS 0x0000000087400000, 0x0000000087400000| Complete 
|  43|0x0000000087500000, 0x0000000087600000, 0x0000000087600000|100%| E|CS|TAMS 0x0000000087500000, 0x0000000087500000| Complete 
|  44|0x0000000087600000, 0x0000000087700000, 0x0000000087700000|100%| E|CS|TAMS 0x0000000087600000, 0x0000000087600000| Complete 
|  45|0x0000000087700000, 0x0000000087800000, 0x0000000087800000|100%| E|CS|TAMS 0x0000000087700000, 0x0000000087700000| Complete 
|  46|0x0000000087800000, 0x0000000087900000, 0x0000000087900000|100%| E|CS|TAMS 0x0000000087800000, 0x0000000087800000| Complete 
|  47|0x0000000087900000, 0x0000000087a00000, 0x0000000087a00000|100%| E|CS|TAMS 0x0000000087900000, 0x0000000087900000| Complete 
|  48|0x0000000087a00000, 0x0000000087b00000, 0x0000000087b00000|100%| E|CS|TAMS 0x0000000087a00000, 0x0000000087a00000| Complete 
|  49|0x0000000087b00000, 0x0000000087c00000, 0x0000000087c00000|100%| E|CS|TAMS 0x0000000087b00000, 0x0000000087b00000| Complete 
|  50|0x0000000087c00000, 0x0000000087d00000, 0x0000000087d00000|100%| E|CS|TAMS 0x0000000087c00000, 0x0000000087c00000| Complete 
|  51|0x0000000087d00000, 0x0000000087e00000, 0x0000000087e00000|100%| E|CS|TAMS 0x0000000087d00000, 0x0000000087d00000| Complete 
|  52|0x0000000087e00000, 0x0000000087f00000, 0x0000000087f00000|100%| E|CS|TAMS 0x0000000087e00000, 0x0000000087e00000| Complete 
|  53|0x0000000087f00000, 0x0000000088000000, 0x0000000088000000|100%| E|CS|TAMS 0x0000000087f00000, 0x0000000087f00000| Complete 
|  54|0x0000000088000000, 0x0000000088100000, 0x0000000088100000|100%| E|CS|TAMS 0x0000000088000000, 0x0000000088000000| Complete 
|  55|0x0000000088100000, 0x0000000088200000, 0x0000000088200000|100%| E|CS|TAMS 0x0000000088100000, 0x0000000088100000| Complete 
|  56|0x0000000088200000, 0x0000000088300000, 0x0000000088300000|100%| E|CS|TAMS 0x0000000088200000, 0x0000000088200000| Complete 
|  57|0x0000000088300000, 0x0000000088400000, 0x0000000088400000|100%| E|CS|TAMS 0x0000000088300000, 0x0000000088300000| Complete 
|  58|0x0000000088400000, 0x0000000088500000, 0x0000000088500000|100%| E|CS|TAMS 0x0000000088400000, 0x0000000088400000| Complete 
|  59|0x0000000088500000, 0x0000000088600000, 0x0000000088600000|100%| E|CS|TAMS 0x0000000088500000, 0x0000000088500000| Complete 
|  91|0x000000008a500000, 0x000000008a600000, 0x000000008a600000|100%| E|CS|TAMS 0x000000008a500000, 0x000000008a500000| Complete 
|  92|0x000000008a600000, 0x000000008a700000, 0x000000008a700000|100%| E|CS|TAMS 0x000000008a600000, 0x000000008a600000| Complete 
|  93|0x000000008a700000, 0x000000008a800000, 0x000000008a800000|100%| E|CS|TAMS 0x000000008a700000, 0x000000008a700000| Complete 
| 123|0x000000008c500000, 0x000000008c600000, 0x000000008c600000|100%| E|CS|TAMS 0x000000008c500000, 0x000000008c500000| Complete 

Card table byte_map: [0x00000264d2b60000,0x00000264d2f40000] _byte_map_base: 0x00000264d273b000

Marking Bits (Prev, Next): (CMBitMap*) 0x00000264c584b440, (CMBitMap*) 0x00000264c584b480
 Prev Bits: [0x00000264d3320000, 0x00000264d51f8000)
 Next Bits: [0x00000264d5200000, 0x00000264d70d8000)

Polling page: 0x00000264c5890000

Metaspace:

Usage:
  Non-class:     44.16 MB used.
      Class:      7.32 MB used.
       Both:     51.48 MB used.

Virtual space:
  Non-class space:       64.00 MB reserved,      44.38 MB ( 69%) committed,  1 nodes.
      Class space:        1.00 GB reserved,       7.56 MB ( <1%) committed,  1 nodes.
             Both:        1.06 GB reserved,      51.94 MB (  5%) committed. 

Chunk freelists:
   Non-Class:  2.80 MB
       Class:  8.39 MB
        Both:  11.19 MB

MaxMetaspaceSize: unlimited
CompressedClassSpaceSize: 1.00 GB
Initial GC threshold: 21.00 MB
Current GC threshold: 59.06 MB
CDS: on
MetaspaceReclaimPolicy: balanced
 - commit_granule_bytes: 65536.
 - commit_granule_words: 8192.
 - virtual_space_node_default_size: 8388608.
 - enlarge_chunks_in_place: 1.
 - new_chunks_are_fully_committed: 0.
 - uncommit_free_chunks: 1.
 - use_allocation_guard: 0.
 - handle_deallocations: 1.


Internal statistics:

num_allocs_failed_limit: 6.
num_arena_births: 674.
num_arena_deaths: 0.
num_vsnodes_births: 2.
num_vsnodes_deaths: 0.
num_space_committed: 831.
num_space_uncommitted: 0.
num_chunks_returned_to_freelist: 6.
num_chunks_taken_from_freelist: 2672.
num_chunk_merges: 6.
num_chunk_splits: 1923.
num_chunks_enlarged: 1487.
num_inconsistent_stats: 0.

CodeCache: size=49152Kb used=13061Kb max_used=13061Kb free=36090Kb
 bounds [0x00000264ce940000, 0x00000264cf660000, 0x00000264d1940000]
 total_blobs=7258 nmethods=6628 adapters=553
 compilation: enabled
              stopped_count=0, restarted_count=0
 full_count=0

Compilation events (20 events):
Event: 34.582 Thread 0x00000264d9f30660 nmethod 6611 0x00000264cf414690 code [0x00000264cf414820, 0x00000264cf4148f8]
Event: 34.582 Thread 0x00000264da393ee0 nmethod 6609 0x00000264cf414210 code [0x00000264cf4143c0, 0x00000264cf4145a8]
Event: 34.582 Thread 0x00000264da393990 nmethod 6612 0x00000264cf413f10 code [0x00000264cf4140a0, 0x00000264cf414178]
Event: 34.582 Thread 0x00000264da393440 nmethod 6605 0x00000264cf413610 code [0x00000264cf413800, 0x00000264cf413bb8]
Event: 34.584 Thread 0x00000264da393440 6613       1       org.hibernate.engine.jdbc.internal.JdbcServicesImpl::getJdbcEnvironment (5 bytes)
Event: 34.584 Thread 0x00000264da393440 nmethod 6613 0x00000264cf413310 code [0x00000264cf4134a0, 0x00000264cf413578]
Event: 34.584 Thread 0x00000264d9f30660 6614       1       org.hibernate.persister.entity.mutation.UpdateCoordinatorStandard$UpdateValuesAnalysisImpl::startingAttribute (106 bytes)
Event: 34.585 Thread 0x00000264d9f30660 nmethod 6614 0x00000264cf412a90 code [0x00000264cf412c80, 0x00000264cf413168]
Event: 34.655 Thread 0x00000264d9f30660 6615       1       jdk.internal.util.ArraysSupport::mismatch (73 bytes)
Event: 34.656 Thread 0x00000264d9f30660 nmethod 6615 0x00000264cf411b90 code [0x00000264cf411d60, 0x00000264cf411fd8]
Event: 34.670 Thread 0x00000264da393ee0 6619       1       java.lang.invoke.InvokerBytecodeGenerator::resolveFrom (81 bytes)
Event: 34.670 Thread 0x00000264da393440 6620       1       java.lang.invoke.MethodHandleStatics::traceLambdaForm (96 bytes)
Event: 34.671 Thread 0x00000264da393440 nmethod 6620 0x00000264cf410090 code [0x00000264cf410220, 0x00000264cf4102b8]
Event: 34.671 Thread 0x00000264da393ee0 nmethod 6619 0x00000264cf40fc10 code [0x00000264cf40fdc0, 0x00000264cf40ff88]
Event: 34.683 Thread 0x00000264da393440 6623       1       java.lang.invoke.MethodHandles$Lookup::resolveOrNull (46 bytes)
Event: 34.684 Thread 0x00000264da393440 nmethod 6623 0x00000264cf40eb10 code [0x00000264cf40ed20, 0x00000264cf40f128]
Event: 34.699 Thread 0x00000264da393440 6625  s    1       java.lang.invoke.MethodTypeForm::setCachedLambdaForm (44 bytes)
Event: 34.700 Thread 0x00000264da393440 nmethod 6625 0x00000264cf40da10 code [0x00000264cf40dbe0, 0x00000264cf40e0b8]
Event: 34.703 Thread 0x00000264da393990 6629       1       java.lang.invoke.MemberName::asNormalOriginal (113 bytes)
Event: 34.704 Thread 0x00000264da393990 nmethod 6629 0x00000264cf40cd90 code [0x00000264cf40cf60, 0x00000264cf40d218]

GC Heap History (20 events):
Event: 23.144 GC heap before
{Heap before GC invocations=5 (full 0):
 garbage-first heap   total 65536K, used 53392K [0x0000000084a00000, 0x0000000100000000)
  region size 1024K, 39 young (39936K), 3 survivors (3072K)
 Metaspace       used 25396K, committed 25792K, reserved 1114112K
  class space    used 3453K, committed 3648K, reserved 1048576K
}
Event: 23.156 GC heap after
{Heap after GC invocations=6 (full 0):
 garbage-first heap   total 65536K, used 20600K [0x0000000084a00000, 0x0000000100000000)
  region size 1024K, 6 young (6144K), 6 survivors (6144K)
 Metaspace       used 25396K, committed 25792K, reserved 1114112K
  class space    used 3453K, committed 3648K, reserved 1048576K
}
Event: 24.121 GC heap before
{Heap before GC invocations=6 (full 0):
 garbage-first heap   total 65536K, used 47224K [0x0000000084a00000, 0x0000000100000000)
  region size 1024K, 32 young (32768K), 6 survivors (6144K)
 Metaspace       used 26895K, committed 27264K, reserved 1114112K
  class space    used 3698K, committed 3840K, reserved 1048576K
}
Event: 24.130 GC heap after
{Heap after GC invocations=7 (full 0):
 garbage-first heap   total 65536K, used 21626K [0x0000000084a00000, 0x0000000100000000)
  region size 1024K, 2 young (2048K), 2 survivors (2048K)
 Metaspace       used 26895K, committed 27264K, reserved 1114112K
  class space    used 3698K, committed 3840K, reserved 1048576K
}
Event: 24.663 GC heap before
{Heap before GC invocations=7 (full 0):
 garbage-first heap   total 65536K, used 48250K [0x0000000084a00000, 0x0000000100000000)
  region size 1024K, 28 young (28672K), 2 survivors (2048K)
 Metaspace       used 28849K, committed 29312K, reserved 1114112K
  class space    used 3947K, committed 4160K, reserved 1048576K
}
Event: 24.668 GC heap after
{Heap after GC invocations=8 (full 0):
 garbage-first heap   total 65536K, used 22473K [0x0000000084a00000, 0x0000000100000000)
  region size 1024K, 3 young (3072K), 3 survivors (3072K)
 Metaspace       used 28849K, committed 29312K, reserved 1114112K
  class space    used 3947K, committed 4160K, reserved 1048576K
}
Event: 25.232 GC heap before
{Heap before GC invocations=8 (full 0):
 garbage-first heap   total 65536K, used 48073K [0x0000000084a00000, 0x0000000100000000)
  region size 1024K, 29 young (29696K), 3 survivors (3072K)
 Metaspace       used 34466K, committed 34944K, reserved 1114112K
  class space    used 4814K, committed 5056K, reserved 1048576K
}
Event: 25.235 GC heap after
{Heap after GC invocations=9 (full 0):
 garbage-first heap   total 65536K, used 23703K [0x0000000084a00000, 0x0000000100000000)
  region size 1024K, 4 young (4096K), 4 survivors (4096K)
 Metaspace       used 34466K, committed 34944K, reserved 1114112K
  class space    used 4814K, committed 5056K, reserved 1048576K
}
Event: 25.323 GC heap before
{Heap before GC invocations=9 (full 0):
 garbage-first heap   total 65536K, used 27799K [0x0000000084a00000, 0x0000000100000000)
  region size 1024K, 9 young (9216K), 4 survivors (4096K)
 Metaspace       used 35544K, committed 35968K, reserved 1114112K
  class space    used 4927K, committed 5120K, reserved 1048576K
}
Event: 25.328 GC heap after
{Heap after GC invocations=10 (full 0):
 garbage-first heap   total 65536K, used 24244K [0x0000000084a00000, 0x0000000100000000)
  region size 1024K, 2 young (2048K), 2 survivors (2048K)
 Metaspace       used 35544K, committed 35968K, reserved 1114112K
  class space    used 4927K, committed 5120K, reserved 1048576K
}
Event: 27.447 GC heap before
{Heap before GC invocations=11 (full 0):
 garbage-first heap   total 65536K, used 50868K [0x0000000084a00000, 0x0000000100000000)
  region size 1024K, 29 young (29696K), 2 survivors (2048K)
 Metaspace       used 41319K, committed 41792K, reserved 1114112K
  class space    used 5711K, committed 5952K, reserved 1048576K
}
Event: 27.455 GC heap after
{Heap after GC invocations=12 (full 0):
 garbage-first heap   total 65536K, used 26647K [0x0000000084a00000, 0x0000000100000000)
  region size 1024K, 4 young (4096K), 4 survivors (4096K)
 Metaspace       used 41319K, committed 41792K, reserved 1114112K
  class space    used 5711K, committed 5952K, reserved 1048576K
}
Event: 27.489 GC heap before
{Heap before GC invocations=12 (full 0):
 garbage-first heap   total 65536K, used 27671K [0x0000000084a00000, 0x0000000100000000)
  region size 1024K, 5 young (5120K), 4 survivors (4096K)
 Metaspace       used 41319K, committed 41792K, reserved 1114112K
  class space    used 5711K, committed 5952K, reserved 1048576K
}
Event: 27.495 GC heap after
{Heap after GC invocations=13 (full 0):
 garbage-first heap   total 65536K, used 26796K [0x0000000084a00000, 0x0000000100000000)
  region size 1024K, 1 young (1024K), 1 survivors (1024K)
 Metaspace       used 41319K, committed 41792K, reserved 1114112K
  class space    used 5711K, committed 5952K, reserved 1048576K
}
Event: 28.789 GC heap before
{Heap before GC invocations=13 (full 0):
 garbage-first heap   total 65536K, used 51372K [0x0000000084a00000, 0x0000000100000000)
  region size 1024K, 25 young (25600K), 1 survivors (1024K)
 Metaspace       used 46279K, committed 46784K, reserved 1114112K
  class space    used 6453K, committed 6720K, reserved 1048576K
}
Event: 28.795 GC heap after
{Heap after GC invocations=14 (full 0):
 garbage-first heap   total 65536K, used 28060K [0x0000000084a00000, 0x0000000100000000)
  region size 1024K, 2 young (2048K), 2 survivors (2048K)
 Metaspace       used 46279K, committed 46784K, reserved 1114112K
  class space    used 6453K, committed 6720K, reserved 1048576K
}
Event: 29.993 GC heap before
{Heap before GC invocations=14 (full 0):
 garbage-first heap   total 65536K, used 50588K [0x0000000084a00000, 0x0000000100000000)
  region size 1024K, 25 young (25600K), 2 survivors (2048K)
 Metaspace       used 50042K, committed 50560K, reserved 1114112K
  class space    used 7093K, committed 7360K, reserved 1048576K
}
Event: 29.998 GC heap after
{Heap after GC invocations=15 (full 0):
 garbage-first heap   total 65536K, used 28747K [0x0000000084a00000, 0x0000000100000000)
  region size 1024K, 3 young (3072K), 3 survivors (3072K)
 Metaspace       used 50042K, committed 50560K, reserved 1114112K
  class space    used 7093K, committed 7360K, reserved 1048576K
}
Event: 30.374 GC heap before
{Heap before GC invocations=15 (full 0):
 garbage-first heap   total 65536K, used 52299K [0x0000000084a00000, 0x0000000100000000)
  region size 1024K, 26 young (26624K), 3 survivors (3072K)
 Metaspace       used 50236K, committed 50688K, reserved 1114112K
  class space    used 7120K, committed 7360K, reserved 1048576K
}
Event: 30.379 GC heap after
{Heap after GC invocations=16 (full 0):
 garbage-first heap   total 65536K, used 29160K [0x0000000084a00000, 0x0000000100000000)
  region size 1024K, 2 young (2048K), 2 survivors (2048K)
 Metaspace       used 50236K, committed 50688K, reserved 1114112K
  class space    used 7120K, committed 7360K, reserved 1048576K
}

Dll operation events (11 events):
Event: 0.373 Loaded shared library C:\Program Files\Eclipse Adoptium\jdk-17.0.16.8-hotspot\bin\java.dll
Event: 1.330 Loaded shared library C:\Program Files\Eclipse Adoptium\jdk-17.0.16.8-hotspot\bin\jsvml.dll
Event: 4.860 Loaded shared library C:\Program Files\Eclipse Adoptium\jdk-17.0.16.8-hotspot\bin\net.dll
Event: 4.869 Loaded shared library C:\Program Files\Eclipse Adoptium\jdk-17.0.16.8-hotspot\bin\nio.dll
Event: 4.931 Loaded shared library C:\Program Files\Eclipse Adoptium\jdk-17.0.16.8-hotspot\bin\zip.dll
Event: 5.317 Loaded shared library C:\Program Files\Eclipse Adoptium\jdk-17.0.16.8-hotspot\bin\jimage.dll
Event: 6.674 Loaded shared library C:\Program Files\Eclipse Adoptium\jdk-17.0.16.8-hotspot\bin\management.dll
Event: 6.710 Loaded shared library C:\Program Files\Eclipse Adoptium\jdk-17.0.16.8-hotspot\bin\management_ext.dll
Event: 9.319 Loaded shared library C:\Program Files\Eclipse Adoptium\jdk-17.0.16.8-hotspot\bin\sunmscapi.dll
Event: 25.081 Loaded shared library C:\Program Files\Eclipse Adoptium\jdk-17.0.16.8-hotspot\bin\verify.dll
Event: 25.891 Loaded shared library C:\Program Files\Eclipse Adoptium\jdk-17.0.16.8-hotspot\bin\extnet.dll

Deoptimization events (8 events):
Event: 22.519 Thread 0x00000264dac2c080 DEOPT PACKING pc=0x00000264cf228c0c sp=0x000000eb38bfc4b0
Event: 22.520 Thread 0x00000264dac2c080 DEOPT UNPACKING pc=0x00000264ce99ace3 sp=0x000000eb38bfb968 mode 0
Event: 26.434 Thread 0x00000264dac2c080 DEOPT PACKING pc=0x00000264cef35281 sp=0x000000eb38bf8f30
Event: 26.434 Thread 0x00000264dac2c080 DEOPT UNPACKING pc=0x00000264ce99ace3 sp=0x000000eb38bf83c0 mode 3
Event: 26.434 Thread 0x00000264dff40bf0 DEOPT PACKING pc=0x00000264cef2fb17 sp=0x000000eb384ff010
Event: 26.434 Thread 0x00000264dff40bf0 DEOPT UNPACKING pc=0x00000264ce99ace3 sp=0x000000eb384fe468 mode 3
Event: 34.578 Thread 0x00000264dac2c080 DEOPT PACKING pc=0x00000264cf4203a3 sp=0x000000eb38bf9520
Event: 34.578 Thread 0x00000264dac2c080 DEOPT UNPACKING pc=0x00000264ce99ace3 sp=0x000000eb38bf8a00 mode 3

Classes loaded (20 events):
Event: 28.141 Loading class javax/naming/RefAddr
Event: 28.141 Loading class javax/naming/RefAddr done
Event: 28.141 Loading class javax/naming/StringRefAddr
Event: 28.142 Loading class javax/naming/StringRefAddr done
Event: 28.245 Loading class java/util/concurrent/CompletionStage
Event: 28.246 Loading class java/util/concurrent/CompletionStage done
Event: 28.247 Loading class java/util/concurrent/CompletableFuture
Event: 28.249 Loading class java/util/concurrent/CompletableFuture done
Event: 28.249 Loading class java/util/concurrent/CompletableFuture$AltResult
Event: 28.250 Loading class java/util/concurrent/CompletableFuture$AltResult done
Event: 28.253 Loading class java/util/concurrent/CompletableFuture$Completion
Event: 28.253 Loading class java/util/concurrent/CompletableFuture$AsynchronousCompletionTask
Event: 28.254 Loading class java/util/concurrent/CompletableFuture$AsynchronousCompletionTask done
Event: 28.254 Loading class java/util/concurrent/CompletableFuture$Completion done
Event: 28.382 Loading class java/util/concurrent/CancellationException
Event: 28.382 Loading class java/util/concurrent/CancellationException done
Event: 29.493 Loading class java/lang/reflect/AnnotatedArrayType
Event: 29.493 Loading class java/lang/reflect/AnnotatedArrayType done
Event: 30.955 Loading class java/lang/reflect/AnnotatedParameterizedType
Event: 30.956 Loading class java/lang/reflect/AnnotatedParameterizedType done

Classes unloaded (0 events):
No events

Classes redefined (0 events):
No events

Internal exceptions (20 events):
Event: 26.670 Thread 0x00000264dac2c080 Exception <a 'java/lang/NoSuchMethodError'{0x0000000087de6d48}: 'java.lang.Object java.lang.invoke.DirectMethodHandle$Holder.invokeStaticInit(java.lang.Object, java.lang.Object, java.lang.Object, java.lang.Object)'> (0x0000000087de6d48) 
thrown [s\src\hotspot\share\interpreter\linkResolver.cpp, line 759]
Event: 28.402 Thread 0x00000264dac2c080 Exception <a 'java/lang/IncompatibleClassChangeError'{0x0000000087714b48}: Found class java.lang.Object, but interface was expected> (0x0000000087714b48) 
thrown [s\src\hotspot\share\interpreter\linkResolver.cpp, line 826]
Event: 28.440 Thread 0x00000264dac2c080 Exception <a 'java/lang/NoSuchMethodError'{0x00000000877de580}: 'java.lang.Object java.lang.invoke.DirectMethodHandle$Holder.invokeStatic(java.lang.Object, java.lang.Object, int, java.lang.Object)'> (0x00000000877de580) 
thrown [s\src\hotspot\share\interpreter\linkResolver.cpp, line 759]
Event: 28.440 Thread 0x00000264dac2c080 Exception <a 'java/lang/NoSuchMethodError'{0x00000000877e2810}: 'java.lang.Object java.lang.invoke.DirectMethodHandle$Holder.invokeStaticInit(java.lang.Object, java.lang.Object, int, java.lang.Object)'> (0x00000000877e2810) 
thrown [s\src\hotspot\share\interpreter\linkResolver.cpp, line 759]
Event: 32.145 Thread 0x00000264dac2c080 Exception <a 'java/lang/NoSuchMethodError'{0x0000000087d62560}: 'void java.lang.invoke.DirectMethodHandle$Holder.invokeStaticInit(java.lang.Object, int, java.lang.Object, java.lang.Object, java.lang.Object, java.lang.Object)'> (0x0000000087d62560) 
thrown [s\src\hotspot\share\interpreter\linkResolver.cpp, line 759]
Event: 32.621 Thread 0x00000264dac2c080 Exception <a 'java/lang/NoSuchMethodError'{0x0000000087b4b398}: 'java.lang.Object java.lang.invoke.DirectMethodHandle$Holder.newInvokeSpecial(java.lang.Object, java.lang.Object, java.lang.Object, java.lang.Object, java.lang.Object, java.lang.Object)'> (0x0000000087b4b398) 
thrown [s\src\hotspot\share\interpreter\linkResolver.cpp, line 759]
Event: 32.624 Thread 0x00000264dac2c080 Exception <a 'java/lang/NoSuchMethodError'{0x0000000087b5e030}: 'int java.lang.invoke.DirectMethodHandle$Holder.invokeStatic(java.lang.Object, java.lang.Object, java.lang.Object, java.lang.Object, java.lang.Object)'> (0x0000000087b5e030) 
thrown [s\src\hotspot\share\interpreter\linkResolver.cpp, line 759]
Event: 33.066 Thread 0x00000264dac2c080 Exception <a 'java/lang/NoSuchMethodError'{0x0000000087a07cc8}: 'void java.lang.invoke.DirectMethodHandle$Holder.invokeInterface(java.lang.Object, java.lang.Object, int, java.lang.Object)'> (0x0000000087a07cc8) 
thrown [s\src\hotspot\share\interpreter\linkResolver.cpp, line 759]
Event: 33.071 Thread 0x00000264dac2c080 Exception <a 'java/lang/NoSuchMethodError'{0x0000000087a34de8}: 'java.lang.Object java.lang.invoke.DirectMethodHandle$Holder.newInvokeSpecial(java.lang.Object, java.lang.Object, int, java.lang.Object)'> (0x0000000087a34de8) 
thrown [s\src\hotspot\share\interpreter\linkResolver.cpp, line 759]
Event: 33.071 Thread 0x00000264dac2c080 Exception <a 'java/lang/NoSuchMethodError'{0x0000000087a391a8}: 'java.lang.Object java.lang.invoke.Invokers$Holder.linkToTargetMethod(java.lang.Object, int, java.lang.Object, java.lang.Object)'> (0x0000000087a391a8) 
thrown [s\src\hotspot\share\interpreter\linkResolver.cpp, line 759]
Event: 33.242 Thread 0x00000264dac2c080 Exception <a 'java/lang/NoSuchMethodError'{0x0000000087ae78d0}: 'java.lang.Object java.lang.invoke.DirectMethodHandle$Holder.newInvokeSpecial(java.lang.Object, java.lang.Object, int)'> (0x0000000087ae78d0) 
thrown [s\src\hotspot\share\interpreter\linkResolver.cpp, line 759]
Event: 34.325 Thread 0x00000264dac2c080 Exception <a 'java/lang/NoSuchMethodError'{0x00000000878608d0}: 'int java.lang.invoke.DirectMethodHandle$Holder.invokeStatic(java.lang.Object, int, java.lang.Object)'> (0x00000000878608d0) 
thrown [s\src\hotspot\share\interpreter\linkResolver.cpp, line 759]
Event: 34.333 Thread 0x00000264dac2c080 Exception <a 'java/lang/NoSuchMethodError'{0x0000000087885610}: 'java.lang.Object java.lang.invoke.DirectMethodHandle$Holder.newInvokeSpecial(java.lang.Object, java.lang.Object, java.lang.Object, java.lang.Object, java.lang.Object, int, java.lang.Object)'> (0x0000000087885610) 
thrown [s\src\hotspot\share\interpreter\linkResolver.cpp, line 759]
Event: 34.343 Thread 0x00000264dac2c080 Exception <a 'java/lang/NoSuchMethodError'{0x00000000878c3518}: 'java.lang.Object java.lang.invoke.DirectMethodHandle$Holder.newInvokeSpecial(java.lang.Object, java.lang.Object, java.lang.Object, java.lang.Object, java.lang.Object, java.lang.Object, java.lang.Object, java.lang.Object, java.lang.Object, java.lang.Object, java.lang.Object, java.lang.Object)'> (0x00000000878c3518) 
thrown [s\src\hotspot\share\interpreter\linkResolver.cpp, line 759]
Event: 34.344 Thread 0x00000264dac2c080 Exception <a 'java/lang/NoSuchMethodError'{0x00000000878c87a8}: 'java.lang.Object java.lang.invoke.DirectMethodHandle$Holder.invokeSpecial(java.lang.Object, java.lang.Object, java.lang.Object, java.lang.Object, java.lang.Object, java.lang.Object, java.lang.Object, java.lang.Object, java.lang.Object, java.lang.Object, java.lang.Object, java.lang.Object, java.lang.Object)'> (0x00000000878c87a8) 
thrown [s\src\hotspot\share\interpreter\linkResolver.cpp, line 759]
Event: 34.344 Thread 0x00000264dac2c080 Exception <a 'java/lang/NoSuchMethodError'{0x00000000878cd6b8}: 'java.lang.Object java.lang.invoke.Invokers$Holder.linkToTargetMethod(java.lang.Object, java.lang.Object, java.lang.Object, java.lang.Object, java.lang.Object, java.lang.Object, java.lang.Object, java.lang.Object, java.lang.Object, java.lang.Object, java.lang.Object, java.lang.Object)'> (0x00000000878cd6b8) 
thrown [s\src\hotspot\share\interpreter\linkResolver.cpp, line 759]
Event: 34.670 Thread 0x00000264dac2c080 Exception <a 'java/lang/NoSuchMethodError'{0x00000000875c7918}: 'java.lang.Object java.lang.invoke.DirectMethodHandle$Holder.newInvokeSpecial(java.lang.Object, java.lang.Object, int, java.lang.Object, int, java.lang.Object, java.lang.Object)'> (0x00000000875c7918) 
thrown [s\src\hotspot\share\interpreter\linkResolver.cpp, line 759]
Event: 34.700 Thread 0x00000264dac2c080 Exception <a 'java/lang/NoSuchMethodError'{0x00000000874871d8}: 'java.lang.Object java.lang.invoke.DirectMethodHandle$Holder.newInvokeSpecial(java.lang.Object, java.lang.Object, java.lang.Object, java.lang.Object, java.lang.Object, java.lang.Object, java.lang.Object, int)'> (0x00000000874871d8) 
thrown [s\src\hotspot\share\interpreter\linkResolver.cpp, line 759]
Event: 34.701 Thread 0x00000264dac2c080 Exception <a 'java/lang/NoSuchMethodError'{0x000000008748c9c8}: 'java.lang.Object java.lang.invoke.DirectMethodHandle$Holder.invokeSpecial(java.lang.Object, java.lang.Object, java.lang.Object, java.lang.Object, java.lang.Object, java.lang.Object, java.lang.Object, java.lang.Object, int)'> (0x000000008748c9c8) 
thrown [s\src\hotspot\share\interpreter\linkResolver.cpp, line 759]
Event: 34.701 Thread 0x00000264dac2c080 Exception <a 'java/lang/NoSuchMethodError'{0x0000000087491c88}: 'java.lang.Object java.lang.invoke.Invokers$Holder.linkToTargetMethod(java.lang.Object, java.lang.Object, java.lang.Object, java.lang.Object, java.lang.Object, java.lang.Object, int, java.lang.Object)'> (0x0000000087491c88) 
thrown [s\src\hotspot\share\interpreter\linkResolver.cpp, line 759]

VM Operations (20 events):
Event: 30.374 Executing VM operation: G1CollectForAllocation
Event: 30.379 Executing VM operation: G1CollectForAllocation done
Event: 31.118 Executing VM operation: HandshakeAllThreads
Event: 31.118 Executing VM operation: HandshakeAllThreads done
Event: 32.129 Executing VM operation: Cleanup
Event: 32.144 Executing VM operation: Cleanup done
Event: 32.607 Executing VM operation: HandshakeAllThreads
Event: 32.607 Executing VM operation: HandshakeAllThreads done
Event: 33.619 Executing VM operation: Cleanup
Event: 33.711 Executing VM operation: Cleanup done
Event: 33.713 Executing VM operation: HandshakeAllThreads
Event: 33.713 Executing VM operation: HandshakeAllThreads done
Event: 34.395 Executing VM operation: HandshakeAllThreads
Event: 34.578 Executing VM operation: HandshakeAllThreads done
Event: 34.724 Executing VM operation: HandshakeAllThreads
Event: 34.724 Executing VM operation: HandshakeAllThreads done
Event: 34.724 Executing VM operation: Cleanup
Event: 34.724 Executing VM operation: Cleanup done
Event: 34.724 Executing VM operation: HandshakeAllThreads
Event: 34.725 Executing VM operation: HandshakeAllThreads done

Memory protections (0 events):
No events

Nmethod flushes (0 events):
No events

Events (20 events):
Event: 20.662 Thread 0x00000264d9f30660 Thread added: 0x00000264da3929a0
Event: 20.662 Thread 0x00000264d9f30660 Thread added: 0x00000264da393990
Event: 24.606 Thread 0x00000264dac2c080 Thread added: 0x00000264df8bc810
Event: 25.962 Thread 0x00000264da3929a0 Thread exited: 0x00000264da3929a0
Event: 25.962 Thread 0x00000264da393990 Thread exited: 0x00000264da393990
Event: 26.424 Thread 0x00000264dac2c080 Thread added: 0x00000264dff40bf0
Event: 26.533 Thread 0x00000264da3909c0 Thread added: 0x00000264da391460
Event: 26.533 Thread 0x00000264da3909c0 Thread added: 0x00000264da3929a0
Event: 26.548 Thread 0x00000264dff40bf0 Thread added: 0x00000264dff3f7b0
Event: 27.482 Thread 0x00000264d9f30660 Thread added: 0x00000264da3919b0
Event: 29.081 Thread 0x00000264da3929a0 Thread exited: 0x00000264da3929a0
Event: 29.081 Thread 0x00000264da3919b0 Thread exited: 0x00000264da3919b0
Event: 29.093 Thread 0x00000264da391460 Thread exited: 0x00000264da391460
Event: 29.165 Thread 0x00000264da3909c0 Thread exited: 0x00000264da3909c0
Event: 29.381 Thread 0x00000264d9f30660 Thread added: 0x00000264da393440
Event: 29.382 Thread 0x00000264d9f30660 Thread added: 0x00000264da393990
Event: 29.382 Thread 0x00000264d9f30660 Thread added: 0x00000264da392ef0
Event: 32.271 Thread 0x00000264dff3f7b0 Thread exited: 0x00000264dff3f7b0
Event: 34.343 Thread 0x00000264da392ef0 Thread exited: 0x00000264da392ef0
Event: 34.390 Thread 0x00000264da393990 Thread added: 0x00000264da393ee0


Dynamic libraries:
0x00007ff7f7a00000 - 0x00007ff7f7a0e000 	C:\Program Files\Eclipse Adoptium\jdk-17.0.16.8-hotspot\bin\java.exe
0x00007ff8b87a0000 - 0x00007ff8b8a06000 	C:\WINDOWS\SYSTEM32\ntdll.dll
0x00007ff8b7a40000 - 0x00007ff8b7b09000 	C:\WINDOWS\System32\KERNEL32.DLL
0x00007ff8b59f0000 - 0x00007ff8b5dee000 	C:\WINDOWS\System32\KERNELBASE.dll
0x00007ff8b6000000 - 0x00007ff8b614c000 	C:\WINDOWS\System32\ucrtbase.dll
0x00007ff8acae0000 - 0x00007ff8acaf7000 	C:\Program Files\Eclipse Adoptium\jdk-17.0.16.8-hotspot\bin\jli.dll
0x00007ff8b67c0000 - 0x00007ff8b6987000 	C:\WINDOWS\System32\USER32.dll
0x00007ff8b59c0000 - 0x00007ff8b59e7000 	C:\WINDOWS\System32\win32u.dll
0x00007ff8b7660000 - 0x00007ff8b768b000 	C:\WINDOWS\System32\GDI32.dll
0x00007ff8b6160000 - 0x00007ff8b628a000 	C:\WINDOWS\System32\gdi32full.dll
0x00007ff8b5e00000 - 0x00007ff8b5ea3000 	C:\WINDOWS\System32\msvcp_win.dll
0x00007ff89fd40000 - 0x00007ff89fd5e000 	C:\Program Files\Eclipse Adoptium\jdk-17.0.16.8-hotspot\bin\VCRUNTIME140.dll
0x00007ff89b670000 - 0x00007ff89b902000 	C:\WINDOWS\WinSxS\amd64_microsoft.windows.common-controls_6595b64144ccf1df_6.0.26100.8875_none_3e0d5d42e32fe9dd\COMCTL32.dll
0x00007ff8b74c0000 - 0x00007ff8b7569000 	C:\WINDOWS\System32\msvcrt.dll
0x00007ff8b6990000 - 0x00007ff8b69c2000 	C:\WINDOWS\System32\IMM32.DLL
0x00007ff8b1560000 - 0x00007ff8b156c000 	C:\Program Files\Eclipse Adoptium\jdk-17.0.16.8-hotspot\bin\vcruntime140_1.dll
0x00007ff89d960000 - 0x00007ff89d9ed000 	C:\Program Files\Eclipse Adoptium\jdk-17.0.16.8-hotspot\bin\msvcp140.dll
0x00007ff806080000 - 0x00007ff806ceb000 	C:\Program Files\Eclipse Adoptium\jdk-17.0.16.8-hotspot\bin\server\jvm.dll
0x00007ff8b78f0000 - 0x00007ff8b79a7000 	C:\WINDOWS\System32\ADVAPI32.dll
0x00007ff8b7170000 - 0x00007ff8b721a000 	C:\WINDOWS\System32\sechost.dll
0x00007ff8b8040000 - 0x00007ff8b8158000 	C:\WINDOWS\System32\RPCRT4.dll
0x00007ff8b66c0000 - 0x00007ff8b6740000 	C:\WINDOWS\System32\WS2_32.dll
0x00007ff8b5820000 - 0x00007ff8b587e000 	C:\WINDOWS\SYSTEM32\POWRPROF.dll
0x00007ff8a2c30000 - 0x00007ff8a2c66000 	C:\WINDOWS\SYSTEM32\WINMM.dll
0x00007ff8ae0d0000 - 0x00007ff8ae0db000 	C:\WINDOWS\SYSTEM32\VERSION.dll
0x00007ff8b5800000 - 0x00007ff8b5814000 	C:\WINDOWS\SYSTEM32\UMPDC.dll
0x00007ff8b4670000 - 0x00007ff8b468b000 	C:\WINDOWS\SYSTEM32\kernel.appcore.dll
0x00007ff8b14f0000 - 0x00007ff8b14fa000 	C:\Program Files\Eclipse Adoptium\jdk-17.0.16.8-hotspot\bin\jimage.dll
0x00007ff8b3110000 - 0x00007ff8b3352000 	C:\WINDOWS\SYSTEM32\DBGHELP.DLL
0x00007ff8b7cb0000 - 0x00007ff8b8033000 	C:\WINDOWS\System32\combase.dll
0x00007ff8b7570000 - 0x00007ff8b7649000 	C:\WINDOWS\System32\OLEAUT32.dll
0x00007ff888a40000 - 0x00007ff888a7b000 	C:\WINDOWS\SYSTEM32\dbgcore.DLL
0x00007ff8b5f40000 - 0x00007ff8b5fec000 	C:\WINDOWS\System32\bcryptPrimitives.dll
0x00007ff89fd10000 - 0x00007ff89fd35000 	C:\Program Files\Eclipse Adoptium\jdk-17.0.16.8-hotspot\bin\java.dll
0x00007ff873880000 - 0x00007ff873957000 	C:\Program Files\Eclipse Adoptium\jdk-17.0.16.8-hotspot\bin\jsvml.dll
0x00007ff8b69d0000 - 0x00007ff8b7162000 	C:\WINDOWS\System32\SHELL32.dll
0x00007ff8b3440000 - 0x00007ff8b3cd2000 	C:\WINDOWS\SYSTEM32\windows.storage.dll
0x00007ff8b64d0000 - 0x00007ff8b65c7000 	C:\WINDOWS\System32\SHCORE.dll
0x00007ff8b6750000 - 0x00007ff8b67b7000 	C:\WINDOWS\System32\shlwapi.dll
0x00007ff8b58e0000 - 0x00007ff8b5909000 	C:\WINDOWS\SYSTEM32\profapi.dll
0x00007ff89fcf0000 - 0x00007ff89fd09000 	C:\Program Files\Eclipse Adoptium\jdk-17.0.16.8-hotspot\bin\net.dll
0x00007ff8ad770000 - 0x00007ff8ad897000 	C:\WINDOWS\SYSTEM32\WINHTTP.dll
0x00007ff8b4c30000 - 0x00007ff8b4c9c000 	C:\WINDOWS\system32\mswsock.dll
0x00007ff89e780000 - 0x00007ff89e796000 	C:\Program Files\Eclipse Adoptium\jdk-17.0.16.8-hotspot\bin\nio.dll
0x00007ff89e6b0000 - 0x00007ff89e6c8000 	C:\Program Files\Eclipse Adoptium\jdk-17.0.16.8-hotspot\bin\zip.dll
0x00007ff89fc60000 - 0x00007ff89fc6a000 	C:\Program Files\Eclipse Adoptium\jdk-17.0.16.8-hotspot\bin\management.dll
0x00007ff89e770000 - 0x00007ff89e77b000 	C:\Program Files\Eclipse Adoptium\jdk-17.0.16.8-hotspot\bin\management_ext.dll
0x00007ff8b72d0000 - 0x00007ff8b72d8000 	C:\WINDOWS\System32\PSAPI.DLL
0x00007ff89e6d0000 - 0x00007ff89e6de000 	C:\Program Files\Eclipse Adoptium\jdk-17.0.16.8-hotspot\bin\sunmscapi.dll
0x00007ff8b6350000 - 0x00007ff8b64c8000 	C:\WINDOWS\System32\CRYPT32.dll
0x00007ff8b5190000 - 0x00007ff8b51c0000 	C:\WINDOWS\SYSTEM32\ncrypt.dll
0x00007ff8b5140000 - 0x00007ff8b517f000 	C:\WINDOWS\SYSTEM32\NTASN1.dll
0x00007ff8b4f50000 - 0x00007ff8b4f6b000 	C:\WINDOWS\SYSTEM32\CRYPTSP.dll
0x00007ff8b45c0000 - 0x00007ff8b45f9000 	C:\WINDOWS\system32\rsaenh.dll
0x00007ff8b4cf0000 - 0x00007ff8b4d22000 	C:\WINDOWS\SYSTEM32\USERENV.dll
0x00007ff8b58b0000 - 0x00007ff8b58da000 	C:\WINDOWS\SYSTEM32\bcrypt.dll
0x00007ff8b4f70000 - 0x00007ff8b4f7c000 	C:\WINDOWS\SYSTEM32\CRYPTBASE.dll
0x00007ff8b4010000 - 0x00007ff8b4043000 	C:\WINDOWS\SYSTEM32\IPHLPAPI.DLL
0x00007ff8b7650000 - 0x00007ff8b765a000 	C:\WINDOWS\System32\NSI.dll
0x00007ff8ad580000 - 0x00007ff8ad59d000 	C:\WINDOWS\SYSTEM32\dhcpcsvc6.DLL
0x00007ff8ad550000 - 0x00007ff8ad575000 	C:\WINDOWS\SYSTEM32\dhcpcsvc.DLL
0x00007ff8b4050000 - 0x00007ff8b41a6000 	C:\WINDOWS\SYSTEM32\DNSAPI.dll
0x00007ff8b4a00000 - 0x00007ff8b4a0d000 	C:\WINDOWS\SYSTEM32\DSPARSE.dll
0x00007ff89fce0000 - 0x00007ff89fcf0000 	C:\Program Files\Eclipse Adoptium\jdk-17.0.16.8-hotspot\bin\verify.dll
0x00007ff8ada10000 - 0x00007ff8ada1b000 	C:\Windows\System32\rasadhlp.dll
0x00007ff8accb0000 - 0x00007ff8acd36000 	C:\WINDOWS\System32\fwpuclnt.dll
0x00007ff89e3e0000 - 0x00007ff89e3e9000 	C:\Program Files\Eclipse Adoptium\jdk-17.0.16.8-hotspot\bin\extnet.dll

dbghelp: loaded successfully - version: 4.0.5 - missing functions: none
symbol engine: initialized successfully - sym options: 0x614 - pdb path: .;C:\Program Files\Eclipse Adoptium\jdk-17.0.16.8-hotspot\bin;C:\WINDOWS\SYSTEM32;C:\WINDOWS\WinSxS\amd64_microsoft.windows.common-controls_6595b64144ccf1df_6.0.26100.8875_none_3e0d5d42e32fe9dd;C:\Program Files\Eclipse Adoptium\jdk-17.0.16.8-hotspot\bin\server

VM Arguments:
jvm_args: -XX:TieredStopAtLevel=1 
java_command: com.example.cinema.CinemaManagementApplication
java_class_path (initial): D:\HK1_Nam4\NLN\cinema-management\target\classes;D:\HK1_Nam4\NLN\.tool-cache\maven-repository\org\springframework\boot\spring-boot\3.2.2\spring-boot-3.2.2.jar;D:\HK1_Nam4\NLN\.tool-cache\maven-repository\org\springframework\spring-context\6.1.3\spring-context-6.1.3.jar;D:\HK1_Nam4\NLN\.tool-cache\maven-repository\org\springframework\boot\spring-boot-autoconfigure\3.2.2\spring-boot-autoconfigure-3.2.2.jar;D:\HK1_Nam4\NLN\.tool-cache\maven-repository\ch\qos\logback\logback-classic\1.4.14\logback-classic-1.4.14.jar;D:\HK1_Nam4\NLN\.tool-cache\maven-repository\ch\qos\logback\logback-core\1.4.14\logback-core-1.4.14.jar;D:\HK1_Nam4\NLN\.tool-cache\maven-repository\org\apache\logging\log4j\log4j-to-slf4j\2.21.1\log4j-to-slf4j-2.21.1.jar;D:\HK1_Nam4\NLN\.tool-cache\maven-repository\org\apache\logging\log4j\log4j-api\2.21.1\log4j-api-2.21.1.jar;D:\HK1_Nam4\NLN\.tool-cache\maven-repository\org\slf4j\jul-to-slf4j\2.0.11\jul-to-slf4j-2.0.11.jar;D:\HK1_Nam4\NLN\.tool-cache\maven-repository\jakarta\annotation\jakarta.annotation-api\2.1.1\jakarta.annotation-api-2.1.1.jar;D:\HK1_Nam4\NLN\.tool-cache\maven-repository\org\springframework\spring-core\6.1.3\spring-core-6.1.3.jar;D:\HK1_Nam4\NLN\.tool-cache\maven-repository\org\springframework\spring-jcl\6.1.3\spring-jcl-6.1.3.jar;D:\HK1_Nam4\NLN\.tool-cache\maven-repository\org\yaml\snakeyaml\2.2\snakeyaml-2.2.jar;D:\HK1_Nam4\NLN\.tool-cache\maven-repository\org\slf4j\slf4j-api\2.0.11\slf4j-api-2.0.11.jar;D:\HK1_Nam4\NLN\.tool-cache\maven-repository\jakarta\xml\bind\jakarta.xml.bind-api\4.0.1\jakarta.xml.bind-api-4.0.1.jar;D:\HK1_Nam4\NLN\.tool-cache\maven-repository\jakarta\activation\jakarta.activation-api\2.1.2\jakarta.activation-api-2.1.2.jar;D:\HK1_Nam4\NLN\.tool-cache\maven-repository\net\bytebuddy\byte-buddy\1.14.11\byte-buddy-1.14.11.jar;D:\HK1_Nam4\NLN\.tool-cache\maven-repository\com\fasterxml\jackson\datatype\jackson-datatype-jdk8\2.15.3\jackson-datatype-jdk8-2.15.3.jar;D:\HK1_Nam4\NLN\.tool-cach
Launcher Type: SUN_STANDARD

[Global flags]
     intx CICompilerCount                          = 12                                        {product} {ergonomic}
     uint ConcGCThreads                            = 3                                         {product} {ergonomic}
     uint G1ConcRefinementThreads                  = 13                                        {product} {ergonomic}
   size_t G1HeapRegionSize                         = 1048576                                   {product} {ergonomic}
    uintx GCDrainStackTargetSize                   = 64                                        {product} {ergonomic}
   size_t InitialHeapSize                          = 130023424                                 {product} {ergonomic}
   size_t MarkStackSize                            = 4194304                                   {product} {ergonomic}
   size_t MaxHeapSize                              = 2069889024                                {product} {ergonomic}
   size_t MaxNewSize                               = 1241513984                                {product} {ergonomic}
   size_t MinHeapDeltaBytes                        = 1048576                                   {product} {ergonomic}
   size_t MinHeapSize                              = 8388608                                   {product} {ergonomic}
    uintx NonProfiledCodeHeapSize                  = 0                                      {pd product} {ergonomic}
     bool ProfileInterpreter                       = false                                  {pd product} {command line}
    uintx ProfiledCodeHeapSize                     = 0                                      {pd product} {ergonomic}
   size_t SoftMaxHeapSize                          = 2069889024                             {manageable} {ergonomic}
     intx TieredStopAtLevel                        = 1                                         {product} {command line}
     bool UseCompressedClassPointers               = true                           {product lp64_product} {ergonomic}
     bool UseCompressedOops                        = true                           {product lp64_product} {ergonomic}
     bool UseG1GC                                  = true                                      {product} {ergonomic}
     bool UseLargePagesIndividualAllocation        = false                                  {pd product} {ergonomic}

Logging:
Log output configuration:
 #0: stdout all=warning uptime,level,tags
 #1: stderr all=off uptime,level,tags

Environment Variables:
JAVA_HOME=C:\Program Files\Eclipse Adoptium\jdk-17.0.16.8-hotspot
PATH=D:\flutter_windows_3.44.6-stable\flutter\bin\;c:\Users\MSI\AppData\Roaming\Code\User\globalStorage\github.copilot-chat\debugCommand;c:\Users\MSI\AppData\Roaming\Code\User\globalStorage\github.copilot-chat\copilotCli;C:\Program Files\Common Files\Oracle\Java\javapath;C:\Program Files\Eclipse Adoptium\jdk-17.0.16.8-hotspot\bin;C:\Program Files\NVIDIA GPU Computing Toolkit\CUDA\v11.8\bin;C:\Program Files\NVIDIA GPU Computing Toolkit\CUDA\v11.8\libnvvp;C:\WINDOWS\system32;C:\WINDOWS;C:\WINDOWS\System32\Wbem;C:\WINDOWS\System32\WindowsPowerShell\v1.0\;C:\WINDOWS\System32\OpenSSH\;C:\Program Files (x86)\NVIDIA Corporation\PhysX\Common;C:\Program Files\Git\cmd;C:\Program Files\nodejs\;C:\Program Files\dotnet\;C:\xampp\php;C:\ProgramData\ComposerSetup\bin;C:\Program Files\NVIDIA Corporation\Nsight Compute 2022.3.0\;C:\Program Files\NVIDIA Corporation\NVIDIA NvDLISR;D:\DownloadFromChrome\flutter\bin;D:\DownloadFromChrome\bin;D:\DownloadFromChrome\apache-maven-3.9.11\bin;D:\xampp\php;C:\Program Files\Docker\Docker\resources\bin;C:\Users\MSI\AppData\Local\Programs\Python\Python310\Scripts\;C:\Users\MSI\AppData\Local\Programs\Python\Python310\;C:\Users\MSI\AppData\Local\Programs\Python\Python313\Scripts\;C:\Users\MSI\AppData\Local\Programs\Python\Python313\;C:\Users\MSI\AppData\Local\Programs\Python\Launcher\;C:\Users\MSI\AppData\Local\Microsoft\WindowsApps;D:\C\C++\bin;C:\mingw64\bin;C:\Program Files (x86)\Nmap;C:\Python39\;C:\Users\MSI\.dotnet\tools;C:\Users\MSI\AppData\Roaming\Composer\vendor\bin;D:\DownloadFromChrome\protoc\bin;D:\flutter_windows_3.44.6-stable\flutter\bin;D:\SdkAndroid\platform-tools;C:\Program Files\Eclipse Adoptium\jdk-17.0.16.8-hotspot\bin;C:\Program Files\MongoDB\Server\8.2\bin;C:\ngrok;C:\Users\MSI\AppData\Local\Programs\Ollama;D:\Antigravity IDE\bin;D:\HK1_Nam4\NLN\.tool-cache\npm-global;D:\HK1_Nam4\NLN\.tool-cache\pnpm-home;c:\Users\MSI\.vscode\extensions\vscjava.vscode-java-debug-0.59.0\bundled\scripts\noConfigScripts;c:\Users\MSI\.vscode\extensions\ms-python.debugpy-2026.6.0-win32-x64\bundled\scripts\noConfigScripts
USERNAME=MSI
LANG=en_US.UTF-8
OS=Windows_NT
PROCESSOR_IDENTIFIER=Intel64 Family 6 Model 141 Stepping 1, GenuineIntel
TMP=C:\Users\MSI\AppData\Local\Temp
TEMP=C:\Users\MSI\AppData\Local\Temp



Periodic native trim disabled


---------------  S Y S T E M  ---------------

OS:
 Windows 11 , 64 bit Build 26100 (10.0.26100.8875)
OS uptime: 0 days 0:33 hours
Hyper-V role detected

CPU: total 16 (initial active 16) (8 cores per cpu, 2 threads per core) family 6 model 141 stepping 1 microcode 0x26, cx8, cmov, fxsr, ht, mmx, 3dnowpref, sse, sse2, sse3, ssse3, sse4.1, sse4.2, popcnt, lzcnt, tsc, tscinvbit, avx, avx2, aes, erms, clmul, bmi1, bmi2, adx, avx512f, avx512dq, avx512cd, avx512bw, avx512vl, sha, fma, vzeroupper, avx512_vpopcntdq, avx512_vpclmulqdq, avx512_vaes, avx512_vnni, clflush, clflushopt, clwb, avx512_vbmi2, avx512_vbmi, hv
Processor Information for all 16 processors :
  Max Mhz: 2304, Current Mhz: 2304, Mhz Limit: 2304

Memory: 4k page, system-wide physical 7893M (1146M free)
TotalPageFile size 30401M (AvailPageFile size 0M)
current process WorkingSet (physical memory assigned to process): 156M, peak: 176M
current process commit charge ("private bytes"): 245M, peak: 256M

vm_info: OpenJDK 64-Bit Server VM (17.0.16+8) for windows-amd64 JRE (17.0.16+8), built on Jul 16 2025 10:37:56 by "admin" with MS VC++ 17.7 (VS2022)

END.
